mine_id,name,source,deposit_type,rock_type,lat,lon,swir_b11_absorption,swir_b12_absorption,ndvi,land_surface_temp_c,rainfall_mm_weekly,soil_moisture,emag2_anomaly_nt,elevation_m,mn_grade_pct,ibm_ore_category,has_manganese,craton_province,commodity,label_confidence,region_group,source_url,is_synthetic
MN_017_EXT,Bhagwanpura Block - Extension Zone,GSI_Extension_Survey,Marketable_Direct,Braunite_Series,21.8263,80.0231,0.807,0.709,0.276,34.5,42.8,0.267,473.8,426.0,35.8,Marketable_Saleable,1,CITZ_Sausar,manganese,prototype_positive,CITZ_Sausar,,True
MN_055,Ramgad Low-Grade Body,MOIL_GSI_Official,Beneficiable_SubEconomic,Gondite_Series,15.14,76.62,0.711,0.63,0.269,36.9,32.5,0.232,333.1,783.0,21.5,Beneficiable_MR_Ore,1,Dharwar,manganese,prototype_positive,Dharwar,,True
WASTE_0101,IndoGangetic_Alluvium_Barren_19,IBM_Sterilization_Survey,Overburden_Gangue,Alluvium,27.4897,83.2003,0.317,0.271,0.452,32.3,46.6,0.416,75.1,192.0,1.7,Overburden_Waste,0,Peninsular_Barren,unknown_non_mn,synthetic_or_unverified,Peninsular_Barren,,True
WASTE_0120,Aravalli_Quartzite_Marble_16,IBM_Sterilization_Survey,Overburden_Gangue,Quartzite_Marble,26.6076,74.0432,0.221,0.202,0.637,32.0,67.5,0.387,75.3,366.0,3.0,Overburden_Waste,0,Peninsular_Barren,unknown_non_mn,synthetic_or_unverified,Peninsular_Barren,,True
WASTE_0015,Sausar_Calc_Silicate_Barren_15,IBM_Sterilization_Survey,Overburden_Gangue,Calc_Silicate,21.5461,78.7932,0.417,0.377,0.462,29.8,40.5,0.431,164.9,366.0,3.5,Overburden_Waste,0,CITZ_Sausar,unknown_non_mn,synthetic_or_unverified,CITZ_Sausar,,True
MN_005_EXT,Munsar / Mansar Mine - Extension Zone,GSI_Extension_Survey,Marketable_Direct,Gondite_Braunite,21.1405,79.2413,0.822,0.744,0.272,36.4,46.2,0.255,503.6,414.0,38.9,Marketable_Saleable,1,CITZ_Sausar,manganese,prototype_positive,CITZ_Sausar,,True
WASTE_0007,Sausar_Calc_Silicate_Barren_7,IBM_Sterilization_Survey,Overburden_Gangue,Calc_Silicate,21.5939,78.699,0.455,0.412,0.571,33.3,70.6,0.503,136.8,344.0,2.1,Overburden_Waste,0,CITZ_Sausar,unknown_non_mn,synthetic_or_unverified,CITZ_Sausar,,True
WASTE_0064,Deccan_Basalt_WesternGhats_2,IBM_Sterilization_Survey,Overburden_Gangue,Deccan_Basalt,17.1568,74.7564,0.232,0.211,0.409,32.5,69.8,0.542,58.2,646.0,3.4,Overburden_Waste,0,Dharwar,unknown_non_mn,synthetic_or_unverified,Dharwar,,True
WASTE_0005,Sausar_Calc_Silicate_Barren_5,IBM_Sterilization_Survey,Overburden_Gangue,Calc_Silicate,21.5113,79.1966,0.426,0.375,0.467,35.8,54.4,0.447,179.3,358.0,3.3,Overburden_Waste,0,CITZ_Sausar,unknown_non_mn,synthetic_or_unverified,CITZ_Sausar,,True
WASTE_0016,Sausar_Calc_Silicate_Barren_16,IBM_Sterilization_Survey,Overburden_Gangue,Calc_Silicate,21.7007,78.9956,0.429,0.371,0.358,30.7,63.5,0.37,171.9,393.0,6.6,Overburden_Waste,0,CITZ_Sausar,unknown_non_mn,synthetic_or_unverified,CITZ_Sausar,,True
WASTE_0082,Deccan_Basalt_WesternGhats_20,IBM_Sterilization_Survey,Overburden_Gangue,Deccan_Basalt,18.6221,73.7896,0.228,0.188,0.439,30.4,90.7,0.264,63.1,630.0,1.7,Overburden_Waste,0,Peninsular_Barren,unknown_non_mn,synthetic_or_unverified,Peninsular_Barren,,True
MN_047,Patmunda Beneficiable Ore,MOIL_GSI_Official,Beneficiable_SubEconomic,Gondite_Series,21.87,85.31,0.706,0.63,0.304,36.3,32.4,0.206,348.1,527.0,23.5,Beneficiable_MR_Ore,1,Singhbhum,manganese,prototype_positive,Singhbhum,,True
WASTE_0083,IndoGangetic_Alluvium_Barren_1,IBM_Sterilization_Survey,Overburden_Gangue,Alluvium,28.4796,83.392,0.254,0.226,0.422,34.4,37.6,0.425,56.7,159.0,1.6,Overburden_Waste,0,Peninsular_Barren,unknown_non_mn,synthetic_or_unverified,Peninsular_Barren,,True
WASTE_0070,Deccan_Basalt_WesternGhats_8,IBM_Sterilization_Survey,Overburden_Gangue,Deccan_Basalt,18.1413,75.8268,0.373,0.315,0.523,33.1,94.8,0.369,61.6,688.0,1.9,Overburden_Waste,0,Peninsular_Barren,unknown_non_mn,synthetic_or_unverified,Peninsular_Barren,,True
MN_022,Netra Beneficiable Block,MOIL_GSI_Official,Beneficiable_SubEconomic,Gondite_Series,21.88,80.12,0.718,0.618,0.321,35.8,43.6,0.212,361.3,390.0,22.0,Beneficiable_MR_Ore,1,CITZ_Sausar,manganese,prototype_positive,CITZ_Sausar,,True
WASTE_0071,Deccan_Basalt_WesternGhats_9,IBM_Sterilization_Survey,Overburden_Gangue,Deccan_Basalt,19.7453,75.0991,0.212,0.191,0.622,30.2,108.8,0.292,64.8,707.0,2.8,Overburden_Waste,0,Peninsular_Barren,unknown_non_mn,synthetic_or_unverified,Peninsular_Barren,,True
MN_034,Chhindwara Node,MOIL_GSI_Official,Marketable_Direct,Gondite_Series,22.05,78.93,0.767,0.666,0.263,36.5,44.5,0.226,413.6,673.0,27.5,Marketable_Saleable,1,CITZ_Sausar,manganese,prototype_positive,CITZ_Sausar,,True
MN_046,Koira Block,MOIL_GSI_Official,Marketable_Direct,Gondite_Series,21.93,85.24,0.751,0.666,0.282,36.0,32.9,0.244,415.9,553.0,28.0,Marketable_Saleable,1,Singhbhum,manganese,prototype_positive,Singhbhum,,True
MN_060_EXT,Vizag Mn Zone - Extension Zone,GSI_Extension_Survey,Marketable_Direct,Gondite_Series,18.108,83.2112,0.722,0.647,0.268,36.9,41.9,0.248,431.8,116.0,25.0,Marketable_Saleable,1,Eastern_Ghats,manganese,prototype_positive,Eastern_Ghats,,True
WASTE_0003,Sausar_Calc_Silicate_Barren_3,IBM_Sterilization_Survey,Overburden_Gangue,Calc_Silicate,21.5974,79.0802,0.433,0.4,0.528,35.3,50.8,0.437,162.2,370.0,6.9,Overburden_Waste,0,CITZ_Sausar,unknown_non_mn,synthetic_or_unverified,CITZ_Sausar,,True
WASTE_0123,Southern_Sedimentary_Barren_1,IBM_Sterilization_Survey,Overburden_Gangue,Sedimentary,12.8528,78.0379,0.337,0.288,0.505,30.1,97.7,0.254,55.8,72.0,1.0,Overburden_Waste,0,Dharwar,unknown_non_mn,synthetic_or_unverified,Dharwar,,True
WASTE_0129,Southern_Sedimentary_Barren_7,IBM_Sterilization_Survey,Overburden_Gangue,Sedimentary,13.8511,77.7041,0.227,0.192,0.584,32.6,46.0,0.493,64.1,174.0,0.6,Overburden_Waste,0,Dharwar,unknown_non_mn,synthetic_or_unverified,Dharwar,,True
WASTE_0067,Deccan_Basalt_WesternGhats_5,IBM_Sterilization_Survey,Overburden_Gangue,Deccan_Basalt,18.3869,74.7353,0.31,0.275,0.488,28.4,94.0,0.31,86.4,692.0,0.3,Overburden_Waste,0,Peninsular_Barren,unknown_non_mn,synthetic_or_unverified,Peninsular_Barren,,True
WASTE_0099,IndoGangetic_Alluvium_Barren_17,IBM_Sterilization_Survey,Overburden_Gangue,Alluvium,28.7605,80.405,0.258,0.216,0.639,31.1,37.9,0.259,42.5,206.0,0.9,Overburden_Waste,0,Peninsular_Barren,unknown_non_mn,synthetic_or_unverified,Peninsular_Barren,,True
MN_024,Waraseoni Low-Grade Horizon,MOIL_GSI_Official,Beneficiable_SubEconomic,Gondite_Series,21.75,80.02,0.69,0.616,0.247,34.3,45.8,0.216,318.0,385.0,19.5,Beneficiable_MR_Ore,1,CITZ_Sausar,manganese,prototype_positive,CITZ_Sausar,,True
MN_039_EXT,Kasia Mine - Extension Zone,GSI_Extension_Survey,Marketable_Direct,Gondite_Series,22.0532,85.4257,0.791,0.699,0.299,36.8,41.0,0.24,492.7,516.0,34.2,Marketable_Saleable,1,Singhbhum,manganese,prototype_positive,Singhbhum,,True
MN_035,Tirodi South Beneficiation Wing,MOIL_GSI_Official,Beneficiable_SubEconomic,Gondite_Series,21.57,79.68,0.673,0.595,0.311,35.7,33.2,0.228,315.5,389.0,18.5,Beneficiable_MR_Ore,1,CITZ_Sausar,manganese,prototype_positive,CITZ_Sausar,,True
MN_038_EXT,Barbil Deposit - Extension Zone,GSI_Extension_Survey,Marketable_Direct,Gondite_Braunite,22.1248,85.3886,0.783,0.721,0.357,34.0,45.7,0.285,490.2,481.0,34.1,Marketable_Saleable,1,Singhbhum,manganese,prototype_positive,Singhbhum,,True
WASTE_0077,Deccan_Basalt_WesternGhats_15,IBM_Sterilization_Survey,Overburden_Gangue,Deccan_Basalt,18.9024,73.8788,0.315,0.271,0.607,29.8,97.8,0.334,37.7,502.0,2.4,Overburden_Waste,0,Peninsular_Barren,unknown_non_mn,synthetic_or_unverified,Peninsular_Barren,,True
WASTE_0138,Southern_Sedimentary_Barren_16,IBM_Sterilization_Survey,Overburden_Gangue,Sedimentary,10.1796,79.5547,0.228,0.198,0.523,30.9,94.1,0.325,141.8,240.0,1.9,Overburden_Waste,0,Peninsular_Barren,unknown_non_mn,synthetic_or_unverified,Peninsular_Barren,,True
MN_023_EXT,Jamrapani Beneficiable Ore - Extension Zone,GSI_Extension_Survey,Beneficiable_SubEconomic,Gondite_Series,21.9171,80.1794,0.712,0.633,0.322,33.9,35.3,0.266,422.8,383.0,22.9,Beneficiable_MR_Ore,1,CITZ_Sausar,manganese,prototype_positive,CITZ_Sausar,,True
MN_056_EXT,Donimalai North Beneficiable - Extension Zone,GSI_Extension_Survey,Beneficiable_SubEconomic,Gondite_Series,15.0749,76.6349,0.71,0.618,0.323,37.0,49.7,0.271,382.6,890.0,17.9,Beneficiable_MR_Ore,1,Dharwar,manganese,prototype_positive,Dharwar,,True
MN_031,Nagbhir Belt,MOIL_GSI_Official,Marketable_Direct,Gondite_Series,20.55,79.51,0.77,0.699,0.276,36.2,44.1,0.256,410.1,368.0,28.0,Marketable_Saleable,1,CITZ_Sausar,manganese,prototype_positive,CITZ_Sausar,,True
WASTE_0078,Deccan_Basalt_WesternGhats_16,IBM_Sterilization_Survey,Overburden_Gangue,Deccan_Basalt,18.9286,75.5825,0.283,0.242,0.546,35.5,100.3,0.48,33.7,541.0,0.8,Overburden_Waste,0,Peninsular_Barren,unknown_non_mn,synthetic_or_unverified,Peninsular_Barren,,True
WASTE_0004,Sausar_Calc_Silicate_Barren_4,IBM_Sterilization_Survey,Overburden_Gangue,Calc_Silicate,21.6842,79.0865,0.372,0.337,0.641,29.4,99.1,0.398,138.0,366.0,6.9,Overburden_Waste,0,CITZ_Sausar,unknown_non_mn,synthetic_or_unverified,CITZ_Sausar,,True
MN_016,Ramrama Deposit,MOIL_GSI_Official,Marketable_Direct,Gondite_Series,21.45,79.15,0.756,0.689,0.289,35.0,40.3,0.192,411.3,383.0,32.5,Marketable_Saleable,1,CITZ_Sausar,manganese,prototype_positive,CITZ_Sausar,,True
MN_012,Sausar North Block,MOIL_GSI_Official,Marketable_Direct,Gondite_Series,21.64,78.78,0.75,0.681,0.302,36.3,35.1,0.24,403.3,366.0,28.5,Marketable_Saleable,1,CITZ_Sausar,manganese,prototype_positive,CITZ_Sausar,,True
MN_013,Sausar South Block,MOIL_GSI_Official,Marketable_Direct,Gondite_Series,21.58,78.72,0.762,0.674,0.312,35.8,40.1,0.224,386.8,369.0,26.5,Marketable_Saleable,1,CITZ_Sausar,manganese,prototype_positive,CITZ_Sausar,,True
MN_064_EXT,Devada Low-Grade Body - Extension Zone,GSI_Extension_Survey,Beneficiable_SubEconomic,Gondite_Series,18.2635,83.5892,0.673,0.626,0.305,34.2,46.7,0.265,362.6,73.0,14.8,Beneficiable_MR_Ore,1,Eastern_Ghats,manganese,prototype_positive,Eastern_Ghats,,True
WASTE_0037,Nagpur_Quartzite_Interbed_15,IBM_Sterilization_Survey,Overburden_Gangue,Quartzite_Interbed,21.1292,79.498,0.447,0.399,0.478,29.0,101.5,0.385,166.2,368.0,2.2,Overburden_Waste,0,CITZ_Sausar,unknown_non_mn,synthetic_or_unverified,CITZ_Sausar,,True
MN_040_EXT,Guruda Mine - Extension Zone,GSI_Extension_Survey,Marketable_Direct,Gondite_Series,21.9862,85.3008,0.79,0.694,0.339,36.0,42.5,0.282,458.0,553.0,33.3,Marketable_Saleable,1,Singhbhum,manganese,prototype_positive,Singhbhum,,True
WASTE_0125,Southern_Sedimentary_Barren_3,IBM_Sterilization_Survey,Overburden_Gangue,Sedimentary,13.854,78.9014,0.292,0.251,0.643,29.0,36.3,0.481,127.3,154.0,2.0,Overburden_Waste,0,Peninsular_Barren,unknown_non_mn,synthetic_or_unverified,Peninsular_Barren,,True
WASTE_0098,IndoGangetic_Alluvium_Barren_16,IBM_Sterilization_Survey,Overburden_Gangue,Alluvium,25.584,81.8437,0.247,0.213,0.553,32.8,62.3,0.315,76.9,184.0,0.1,Overburden_Waste,0,Peninsular_Barren,unknown_non_mn,synthetic_or_unverified,Peninsular_Barren,,True
MN_061,Srikakulam Block,MOIL_GSI_Official,Marketable_Direct,Gondite_Series,18.3,83.89,0.76,0.665,0.301,36.0,35.7,0.252,417.9,81.0,26.0,Marketable_Saleable,1,Eastern_Ghats,manganese,prototype_positive,Eastern_Ghats,,True
WASTE_0057,Balaghat_Laterite_Overburden_15,IBM_Sterilization_Survey,Overburden_Gangue,Laterite_Overburden,21.8201,79.9032,0.463,0.403,0.571,36.0,105.0,0.443,182.1,426.0,2.6,Overburden_Waste,0,CITZ_Sausar,unknown_non_mn,synthetic_or_unverified,CITZ_Sausar,,True
WASTE_0106,Aravalli_Quartzite_Marble_2,IBM_Sterilization_Survey,Overburden_Gangue,Quartzite_Marble,27.443,74.6919,0.373,0.332,0.579,31.1,73.3,0.398,101.4,329.0,1.8,Overburden_Waste,0,Peninsular_Barren,unknown_non_mn,synthetic_or_unverified,Peninsular_Barren,,True
WASTE_0029,Nagpur_Quartzite_Interbed_7,IBM_Sterilization_Survey,Overburden_Gangue,Quartzite_Interbed,21.3466,79.4562,0.397,0.366,0.577,29.0,97.0,0.485,166.1,320.0,3.4,Overburden_Waste,0,CITZ_Sausar,unknown_non_mn,synthetic_or_unverified,CITZ_Sausar,,True
MN_004,Kandri Mine,MOIL_GSI_Official,Marketable_Direct,Gondite_Braunite,21.2,79.3,0.791,0.696,0.269,35.4,35.8,0.248,447.5,392.0,40.5,Marketable_Saleable,1,CITZ_Sausar,manganese,prototype_positive,CITZ_Sausar,,True
WASTE_0100,IndoGangetic_Alluvium_Barren_18,IBM_Sterilization_Survey,Overburden_Gangue,Alluvium,26.7804,78.2002,0.125,0.114,0.385,35.6,58.5,0.517,66.0,249.0,0.8,Overburden_Waste,0,Peninsular_Barren,unknown_non_mn,synthetic_or_unverified,Peninsular_Barren,,True
MN_037_EXT,Joda West Mine - Extension Zone,GSI_Extension_Survey,Marketable_Direct,Gondite_Braunite,22.0154,85.4121,0.802,0.703,0.275,35.4,42.5,0.214,488.4,517.0,35.5,Marketable_Saleable,1,Singhbhum,manganese,prototype_positive,Singhbhum,,True
MN_043,Barajamda Block,MOIL_GSI_Official,Marketable_Direct,Braunite_Series,22.1,85.15,0.766,0.683,0.304,34.5,40.1,0.232,419.8,488.0,28.5,Marketable_Saleable,1,Singhbhum,manganese,prototype_positive,Singhbhum,,True
MN_029,Lohangi Block,MOIL_GSI_Official,Marketable_Direct,Gondite_Series,21.52,79.56,0.765,0.672,0.309,37.3,43.9,0.207,390.8,363.0,25.5,Marketable_Saleable,1,CITZ_Sausar,manganese,prototype_positive,CITZ_Sausar,,True
MN_013_EXT,Sausar South Block - Extension Zone,GSI_Extension_Survey,Marketable_Direct,Gondite_Series,21.569,78.6962,0.735,0.684,0.351,35.0,34.2,0.284,451.8,361.0,26.6,Marketable_Saleable,1,CITZ_Sausar,manganese,prototype_positive,CITZ_Sausar,,True
MN_049_EXT,Chaibasa South Beneficiable - Extension Zone,GSI_Extension_Survey,Beneficiable_SubEconomic,Gondite_Series,22.5384,85.8094,0.735,0.64,0.287,35.7,44.1,0.231,388.6,230.0,22.1,Beneficiable_MR_Ore,1,Singhbhum,manganese,prototype_positive,Singhbhum,,True
WASTE_0008,Sausar_Calc_Silicate_Barren_8,IBM_Sterilization_Survey,Overburden_Gangue,Calc_Silicate,21.7626,78.9683,0.498,0.42,0.509,35.5,38.0,0.287,147.0,346.0,1.7,Overburden_Waste,0,CITZ_Sausar,unknown_non_mn,synthetic_or_unverified,CITZ_Sausar,,True
MN_010_EXT,Beldongri Mine - Extension Zone,GSI_Extension_Survey,Marketable_Direct,Gondite_Braunite,21.1419,79.2521,0.817,0.729,0.326,36.8,42.9,0.252,478.3,408.0,36.0,Marketable_Saleable,1,CITZ_Sausar,manganese,prototype_positive,CITZ_Sausar,,True
MN_044,Keonjhar Main Belt,MOIL_GSI_Official,Marketable_Direct,Gondite_Series,21.62,85.58,0.757,0.667,0.27,36.8,32.1,0.213,428.9,463.0,30.0,Marketable_Saleable,1,Singhbhum,manganese,prototype_positive,Singhbhum,,True
MN_069_EXT,Sivnia Block Rajasthan - Extension Zone,GSI_Extension_Survey,Beneficiable_SubEconomic,Gondite_Series,23.3766,74.5418,0.719,0.647,0.331,36.7,39.4,0.275,417.3,313.0,21.2,Beneficiable_MR_Ore,1,Aravalli,manganese,prototype_positive,Aravalli,,True
WASTE_0045,Balaghat_Laterite_Overburden_3,IBM_Sterilization_Survey,Overburden_Gangue,Laterite_Overburden,21.6411,80.4775,0.458,0.418,0.386,32.9,93.1,0.443,198.2,383.0,6.5,Overburden_Waste,0,CITZ_Sausar,unknown_non_mn,synthetic_or_unverified,CITZ_Sausar,,True
MN_003_EXT,Gumgaon Mine - Extension Zone,GSI_Extension_Survey,Marketable_Direct,Gondite_Braunite,21.0406,79.101,0.819,0.762,0.354,37.1,43.6,0.284,531.9,433.0,41.7,Marketable_Saleable,1,CITZ_Sausar,manganese,prototype_positive,CITZ_Sausar,,True
MN_063,Kodur Manganese Horizon,MOIL_GSI_Official,Beneficiable_SubEconomic,Gondite_Series,18.28,83.55,0.678,0.591,0.327,35.2,40.9,0.255,293.6,98.0,18.0,Beneficiable_MR_Ore,1,Eastern_Ghats,manganese,prototype_positive,Eastern_Ghats,,True
WASTE_0095,IndoGangetic_Alluvium_Barren_13,IBM_Sterilization_Survey,Overburden_Gangue,Alluvium,27.4048,77.328,0.145,0.128,0.604,33.5,67.2,0.452,105.6,222.0,0.6,Overburden_Waste,0,Peninsular_Barren,unknown_non_mn,synthetic_or_unverified,Peninsular_Barren,,True
WASTE_0055,Balaghat_Laterite_Overburden_13,IBM_Sterilization_Survey,Overburden_Gangue,Laterite_Overburden,21.9971,79.8651,0.496,0.436,0.518,32.5,80.3,0.453,166.5,424.0,6.6,Overburden_Waste,0,CITZ_Sausar,unknown_non_mn,synthetic_or_unverified,CITZ_Sausar,,True
WASTE_0033,Nagpur_Quartzite_Interbed_11,IBM_Sterilization_Survey,Overburden_Gangue,Quartzite_Interbed,21.1884,79.3935,0.324,0.299,0.579,29.4,72.7,0.37,153.8,377.0,5.6,Overburden_Waste,0,CITZ_Sausar,unknown_non_mn,synthetic_or_unverified,CITZ_Sausar,,True
MN_008_EXT,Tirodi Mine - Extension Zone,GSI_Extension_Survey,Marketable_Direct,Gondite_Braunite,21.5876,79.6999,0.826,0.727,0.31,33.7,38.5,0.283,528.2,378.0,42.2,Marketable_Saleable,1,CITZ_Sausar,manganese,prototype_positive,CITZ_Sausar,,True
MN_006,Chikla Mine,MOIL_GSI_Official,Marketable_Direct,Gondite_Braunite,21.1,79.15,0.83,0.751,0.278,34.1,33.5,0.192,535.3,419.0,41.2,Marketable_Saleable,1,CITZ_Sausar,manganese,prototype_positive,CITZ_Sausar,,True
WASTE_0018,Sausar_Calc_Silicate_Barren_18,IBM_Sterilization_Survey,Overburden_Gangue,Calc_Silicate,21.8041,78.6948,0.508,0.42,0.496,30.1,56.4,0.342,155.2,351.0,7.1,Overburden_Waste,0,CITZ_Sausar,unknown_non_mn,synthetic_or_unverified,CITZ_Sausar,,True
MN_019_EXT,Kheri Formation - Extension Zone,GSI_Extension_Survey,Marketable_Direct,Gondite_Series,21.9002,80.2678,0.757,0.669,0.263,35.8,49.0,0.256,462.5,394.0,30.6,Marketable_Saleable,1,CITZ_Sausar,manganese,prototype_positive,CITZ_Sausar,,True
MN_009,Parsoda Mine,MOIL_GSI_Official,Marketable_Direct,Hematite_Gondite,21.18,79.28,0.769,0.69,0.329,34.8,41.4,0.243,458.3,399.0,36.5,Marketable_Saleable,1,CITZ_Sausar,manganese,prototype_positive,CITZ_Sausar,,True
WASTE_0073,Deccan_Basalt_WesternGhats_11,IBM_Sterilization_Survey,Overburden_Gangue,Deccan_Basalt,19.9014,74.7533,0.377,0.339,0.478,29.3,35.9,0.418,48.3,715.0,2.3,Overburden_Waste,0,Peninsular_Barren,unknown_non_mn,synthetic_or_unverified,Peninsular_Barren,,True
WASTE_0108,Aravalli_Quartzite_Marble_4,IBM_Sterilization_Survey,Overburden_Gangue,Quartzite_Marble,25.8174,75.9644,0.379,0.313,0.538,35.4,36.4,0.393,119.3,403.0,4.0,Overburden_Waste,0,Peninsular_Barren,unknown_non_mn,synthetic_or_unverified,Peninsular_Barren,,True
MN_034_EXT,Chhindwara Node - Extension Zone,GSI_Extension_Survey,Marketable_Direct,Gondite_Series,22.0474,78.9316,0.735,0.658,0.292,34.3,39.2,0.22,411.0,696.0,26.0,Marketable_Saleable,1,CITZ_Sausar,manganese,prototype_positive,CITZ_Sausar,,True
WASTE_0133,Southern_Sedimentary_Barren_11,IBM_Sterilization_Survey,Overburden_Gangue,Sedimentary,13.9248,79.6415,0.329,0.28,0.648,33.7,108.6,0.421,69.7,240.0,2.4,Overburden_Waste,0,Peninsular_Barren,unknown_non_mn,synthetic_or_unverified,Peninsular_Barren,,True
MN_064,Devada Low-Grade Body,MOIL_GSI_Official,Beneficiable_SubEconomic,Gondite_Series,18.25,83.58,0.664,0.577,0.252,36.7,32.3,0.192,276.3,82.0,15.5,Beneficiable_MR_Ore,1,Eastern_Ghats,manganese,prototype_positive,Eastern_Ghats,,True
MN_070_EXT,Ghatia Horizon Banswara - Extension Zone,GSI_Extension_Survey,Beneficiable_SubEconomic,Gondite_Series,23.288,74.3674,0.702,0.599,0.294,34.2,46.6,0.263,389.2,297.0,15.6,Beneficiable_MR_Ore,1,Aravalli,manganese,prototype_positive,Aravalli,,True
WASTE_0130,Southern_Sedimentary_Barren_8,IBM_Sterilization_Survey,Overburden_Gangue,Sedimentary,12.5438,78.548,0.292,0.248,0.491,35.1,88.1,0.269,141.7,108.0,0.9,Overburden_Waste,0,Peninsular_Barren,unknown_non_mn,synthetic_or_unverified,Peninsular_Barren,,True
WASTE_0054,Balaghat_Laterite_Overburden_12,IBM_Sterilization_Survey,Overburden_Gangue,Laterite_Overburden,21.7842,80.114,0.514,0.476,0.559,28.0,81.5,0.357,199.2,405.0,6.3,Overburden_Waste,0,CITZ_Sausar,unknown_non_mn,synthetic_or_unverified,CITZ_Sausar,,True
WASTE_0056,Balaghat_Laterite_Overburden_14,IBM_Sterilization_Survey,Overburden_Gangue,Laterite_Overburden,22.0025,79.9889,0.527,0.464,0.585,33.7,94.1,0.405,165.9,397.0,2.6,Overburden_Waste,0,CITZ_Sausar,unknown_non_mn,synthetic_or_unverified,CITZ_Sausar,,True
MN_010,Beldongri Mine,MOIL_GSI_Official,Marketable_Direct,Gondite_Braunite,21.16,79.26,0.785,0.72,0.26,36.3,34.4,0.238,503.5,428.0,38.0,Marketable_Saleable,1,CITZ_Sausar,manganese,prototype_positive,CITZ_Sausar,,True
MN_058,Shimoga - Kumsi Belt,MOIL_GSI_Official,Beneficiable_SubEconomic,Gondite_Series,14.25,75.35,0.731,0.653,0.282,36.1,34.3,0.259,368.1,704.0,24.0,Beneficiable_MR_Ore,1,Dharwar,manganese,prototype_positive,Dharwar,,True
WASTE_0069,Deccan_Basalt_WesternGhats_7,IBM_Sterilization_Survey,Overburden_Gangue,Deccan_Basalt,19.955,75.816,0.185,0.154,0.499,28.8,84.3,0.497,130.0,612.0,1.7,Overburden_Waste,0,Peninsular_Barren,unknown_non_mn,synthetic_or_unverified,Peninsular_Barren,,True
MN_042,Bonai Deposit,MOIL_GSI_Official,Marketable_Direct,Gondite_Series,22.02,84.95,0.774,0.696,0.289,34.9,36.8,0.203,461.8,365.0,31.0,Marketable_Saleable,1,Singhbhum,manganese,prototype_positive,Singhbhum,,True
WASTE_0061,Balaghat_Laterite_Overburden_19,IBM_Sterilization_Survey,Overburden_Gangue,Laterite_Overburden,21.9828,79.9112,0.499,0.418,0.371,28.5,56.2,0.329,225.7,465.0,7.4,Overburden_Waste,0,CITZ_Sausar,unknown_non_mn,synthetic_or_unverified,CITZ_Sausar,,True
MN_051_EXT,Sandur Mn Belt Core - Extension Zone,GSI_Extension_Survey,Marketable_Direct,Gondite_Series,15.0833,76.5619,0.75,0.654,0.289,34.9,45.5,0.234,427.5,785.0,26.3,Marketable_Saleable,1,Dharwar,manganese,prototype_positive,Dharwar,,True
WASTE_0036,Nagpur_Quartzite_Interbed_14,IBM_Sterilization_Survey,Overburden_Gangue,Quartzite_Interbed,21.3477,78.9347,0.425,0.399,0.441,28.8,86.9,0.269,122.8,323.0,1.8,Overburden_Waste,0,CITZ_Sausar,unknown_non_mn,synthetic_or_unverified,CITZ_Sausar,,True
MN_028_EXT,Nandgaon Deposit - Extension Zone,GSI_Extension_Survey,Marketable_Direct,Braunite_Series,21.374,80.5035,0.763,0.666,0.287,33.7,47.8,0.275,432.0,360.0,26.9,Marketable_Saleable,1,CITZ_Sausar,manganese,prototype_positive,CITZ_Sausar,,True
MN_055_EXT,Ramgad Low-Grade Body - Extension Zone,GSI_Extension_Survey,Beneficiable_SubEconomic,Gondite_Series,15.1188,76.6298,0.722,0.617,0.314,36.7,39.1,0.26,390.5,806.0,20.4,Beneficiable_MR_Ore,1,Dharwar,manganese,prototype_positive,Dharwar,,True
WASTE_0074,Deccan_Basalt_WesternGhats_12,IBM_Sterilization_Survey,Overburden_Gangue,Deccan_Basalt,18.5822,75.6581,0.358,0.297,0.596,32.3,88.3,0.344,50.6,707.0,2.6,Overburden_Waste,0,Peninsular_Barren,unknown_non_mn,synthetic_or_unverified,Peninsular_Barren,,True
MN_020,Warora Belt Node,MOIL_GSI_Official,Marketable_Direct,Braunite_Series,20.23,79.01,0.764,0.669,0.289,37.3,37.4,0.257,421.7,305.0,27.5,Marketable_Saleable,1,CITZ_Sausar,manganese,prototype_positive,CITZ_Sausar,,True
WASTE_0025,Nagpur_Quartzite_Interbed_3,IBM_Sterilization_Survey,Overburden_Gangue,Quartzite_Interbed,21.226,79.247,0.349,0.29,0.447,29.8,61.6,0.271,190.5,331.0,1.0,Overburden_Waste,0,CITZ_Sausar,unknown_non_mn,synthetic_or_unverified,CITZ_Sausar,,True
MN_047_EXT,Patmunda Beneficiable Ore - Extension Zone,GSI_Extension_Survey,Beneficiable_SubEconomic,Gondite_Series,21.846,85.2902,0.722,0.66,0.27,34.5,45.6,0.278,409.3,534.0,24.2,Beneficiable_MR_Ore,1,Singhbhum,manganese,prototype_positive,Singhbhum,,True
MN_029_EXT,Lohangi Block - Extension Zone,GSI_Extension_Survey,Beneficiable_SubEconomic,Gondite_Series,21.5427,79.5653,0.74,0.657,0.271,36.2,42.3,0.272,412.4,373.0,23.9,Beneficiable_MR_Ore,1,CITZ_Sausar,manganese,prototype_positive,CITZ_Sausar,,True
WASTE_0116,Aravalli_Quartzite_Marble_12,IBM_Sterilization_Survey,Overburden_Gangue,Quartzite_Marble,26.826,73.9499,0.299,0.256,0.575,30.5,35.0,0.403,139.3,293.0,0.8,Overburden_Waste,0,Peninsular_Barren,unknown_non_mn,synthetic_or_unverified,Peninsular_Barren,,True
WASTE_0001,Sausar_Calc_Silicate_Barren_1,IBM_Sterilization_Survey,Overburden_Gangue,Calc_Silicate,21.6499,79.0754,0.389,0.365,0.554,28.6,37.3,0.327,185.0,362.0,7.3,Overburden_Waste,0,CITZ_Sausar,unknown_non_mn,synthetic_or_unverified,CITZ_Sausar,,True
WASTE_0041,Nagpur_Quartzite_Interbed_19,IBM_Sterilization_Survey,Overburden_Gangue,Quartzite_Interbed,21.1068,79.371,0.461,0.43,0.481,30.0,98.1,0.262,138.4,386.0,4.8,Overburden_Waste,0,CITZ_Sausar,unknown_non_mn,synthetic_or_unverified,CITZ_Sausar,,True
MN_016_EXT,Ramrama Deposit - Extension Zone,GSI_Extension_Survey,Marketable_Direct,Gondite_Series,21.443,79.1314,0.789,0.683,0.269,33.7,42.5,0.253,470.4,379.0,32.1,Marketable_Saleable,1,CITZ_Sausar,manganese,prototype_positive,CITZ_Sausar,,True
WASTE_0119,Aravalli_Quartzite_Marble_15,IBM_Sterilization_Survey,Overburden_Gangue,Quartzite_Marble,25.9814,74.3568,0.327,0.295,0.55,35.7,92.1,0.535,88.4,451.0,0.2,Overburden_Waste,0,Peninsular_Barren,unknown_non_mn,synthetic_or_unverified,Peninsular_Barren,,True
MN_040,Guruda Mine,MOIL_GSI_Official,Marketable_Direct,Gondite_Series,21.98,85.32,0.764,0.697,0.285,34.8,44.6,0.217,464.0,553.0,32.0,Marketable_Saleable,1,Singhbhum,manganese,prototype_positive,Singhbhum,,True
WASTE_0053,Balaghat_Laterite_Overburden_11,IBM_Sterilization_Survey,Overburden_Gangue,Laterite_Overburden,21.9805,79.8247,0.517,0.436,0.395,30.4,100.7,0.549,196.8,396.0,8.9,Overburden_Waste,0,CITZ_Sausar,unknown_non_mn,synthetic_or_unverified,CITZ_Sausar,,True
MN_063_EXT,Kodur Manganese Horizon - Extension Zone,GSI_Extension_Survey,Beneficiable_SubEconomic,Gondite_Series,18.2894,83.5284,0.701,0.598,0.295,36.0,34.7,0.28,379.8,104.0,16.7,Beneficiable_MR_Ore,1,Eastern_Ghats,manganese,prototype_positive,Eastern_Ghats,,True
WASTE_0103,IndoGangetic_Alluvium_Barren_21,IBM_Sterilization_Survey,Overburden_Gangue,Alluvium,27.3404,79.6046,0.236,0.198,0.471,36.0,101.0,0.437,96.4,204.0,0.8,Overburden_Waste,0,Peninsular_Barren,unknown_non_mn,synthetic_or_unverified,Peninsular_Barren,,True
MN_058_EXT,Shimoga - Kumsi Belt - Extension Zone,GSI_Extension_Survey,Beneficiable_SubEconomic,Gondite_Series,14.2575,75.3554,0.72,0.638,0.279,36.6,39.6,0.215,405.2,709.0,23.6,Beneficiable_MR_Ore,1,Dharwar,manganese,prototype_positive,Dharwar,,True
WASTE_0019,Sausar_Calc_Silicate_Barren_19,IBM_Sterilization_Survey,Overburden_Gangue,Calc_Silicate,21.7614,78.9313,0.403,0.36,0.387,29.4,86.1,0.304,147.3,385.0,5.7,Overburden_Waste,0,CITZ_Sausar,unknown_non_mn,synthetic_or_unverified,CITZ_Sausar,,True
MN_057,Chitradurga - Jagalur Belt,MOIL_GSI_Official,Beneficiable_SubEconomic,Gondite_Series,14.58,76.22,0.708,0.637,0.261,34.4,37.0,0.21,355.4,646.0,23.0,Beneficiable_MR_Ore,1,Dharwar,manganese,prototype_positive,Dharwar,,True
WASTE_0042,Nagpur_Quartzite_Interbed_20,IBM_Sterilization_Survey,Overburden_Gangue,Quartzite_Interbed,21.3058,79.1769,0.415,0.373,0.37,32.1,46.3,0.471,167.3,378.0,5.4,Overburden_Waste,0,CITZ_Sausar,unknown_non_mn,synthetic_or_unverified,CITZ_Sausar,,True
MN_057_EXT,Chitradurga - Jagalur Belt - Extension Zone,GSI_Extension_Survey,Beneficiable_SubEconomic,Gondite_Series,14.5571,76.1959,0.733,0.651,0.282,37.3,46.6,0.217,428.7,650.0,24.5,Beneficiable_MR_Ore,1,Dharwar,manganese,prototype_positive,Dharwar,,True
WASTE_0026,Nagpur_Quartzite_Interbed_4,IBM_Sterilization_Survey,Overburden_Gangue,Quartzite_Interbed,21.1336,78.9406,0.444,0.377,0.51,30.6,60.0,0.451,189.2,382.0,3.5,Overburden_Waste,0,CITZ_Sausar,unknown_non_mn,synthetic_or_unverified,CITZ_Sausar,,True
MN_035_EXT,Tirodi South Beneficiation Wing - Extension Zone,GSI_Extension_Survey,Beneficiable_SubEconomic,Gondite_Series,21.5666,79.6614,0.69,0.623,0.296,37.4,43.7,0.229,381.6,369.0,17.1,Beneficiable_MR_Ore,1,CITZ_Sausar,manganese,prototype_positive,CITZ_Sausar,,True
MN_059_EXT,Shankargudda Zone - Extension Zone,GSI_Extension_Survey,Beneficiable_SubEconomic,Gondite_Series,14.0658,75.4362,0.709,0.633,0.269,37.0,38.2,0.22,395.3,726.0,19.4,Beneficiable_MR_Ore,1,Dharwar,manganese,prototype_positive,Dharwar,,True
MN_002,Ukwa Mine,MOIL_GSI_Official,Marketable_Direct,Gondite_Braunite,21.95,80.05,0.804,0.723,0.253,35.0,37.1,0.222,497.5,393.0,39.8,Marketable_Saleable,1,CITZ_Sausar,manganese,prototype_positive,CITZ_Sausar,,True
MN_053,Subbarayanahalli Block,MOIL_GSI_Official,Beneficiable_SubEconomic,Gondite_Series,15.02,76.51,0.722,0.66,0.312,36.4,35.8,0.231,377.6,812.0,24.5,Beneficiable_MR_Ore,1,Dharwar,manganese,prototype_positive,Dharwar,,True
MN_039,Kasia Mine,MOIL_GSI_Official,Marketable_Direct,Gondite_Series,22.07,85.41,0.777,0.707,0.292,36.9,34.0,0.246,472.1,509.0,34.0,Marketable_Saleable,1,Singhbhum,manganese,prototype_positive,Singhbhum,,True
MN_059,Shankargudda Zone,MOIL_GSI_Official,Beneficiable_SubEconomic,Gondite_Series,14.05,75.45,0.712,0.633,0.33,34.6,37.5,0.243,339.4,704.0,21.0,Beneficiable_MR_Ore,1,Dharwar,manganese,prototype_positive,Dharwar,,True
WASTE_0009,Sausar_Calc_Silicate_Barren_9,IBM_Sterilization_Survey,Overburden_Gangue,Calc_Silicate,21.6035,79.2471,0.404,0.356,0.64,28.0,106.4,0.442,134.8,449.0,1.3,Overburden_Waste,0,CITZ_Sausar,unknown_non_mn,synthetic_or_unverified,CITZ_Sausar,,True
WASTE_0013,Sausar_Calc_Silicate_Barren_13,IBM_Sterilization_Survey,Overburden_Gangue,Calc_Silicate,21.448,79.0263,0.52,0.429,0.585,32.5,90.4,0.514,160.7,436.0,7.4,Overburden_Waste,0,CITZ_Sausar,unknown_non_mn,synthetic_or_unverified,CITZ_Sausar,,True
MN_049,Chaibasa South Beneficiable,MOIL_GSI_Official,Beneficiable_SubEconomic,Gondite_Series,22.52,85.81,0.704,0.617,0.29,35.5,36.1,0.256,341.7,234.0,21.0,Beneficiable_MR_Ore,1,Singhbhum,manganese,prototype_positive,Singhbhum,,True
WASTE_0031,Nagpur_Quartzite_Interbed_9,IBM_Sterilization_Survey,Overburden_Gangue,Quartzite_Interbed,21.1703,79.2094,0.465,0.409,0.629,28.9,96.3,0.364,186.6,333.0,6.0,Overburden_Waste,0,CITZ_Sausar,unknown_non_mn,synthetic_or_unverified,CITZ_Sausar,,True
WASTE_0127,Southern_Sedimentary_Barren_5,IBM_Sterilization_Survey,Overburden_Gangue,Sedimentary,12.5858,80.1303,0.328,0.27,0.487,31.2,57.7,0.27,128.3,206.0,2.3,Overburden_Waste,0,Peninsular_Barren,unknown_non_mn,synthetic_or_unverified,Peninsular_Barren,,True
WASTE_0044,Balaghat_Laterite_Overburden_2,IBM_Sterilization_Survey,Overburden_Gangue,Laterite_Overburden,21.7483,80.0448,0.521,0.468,0.548,34.1,54.9,0.256,177.4,371.0,3.3,Overburden_Waste,0,CITZ_Sausar,unknown_non_mn,synthetic_or_unverified,CITZ_Sausar,,True
WASTE_0088,IndoGangetic_Alluvium_Barren_6,IBM_Sterilization_Survey,Overburden_Gangue,Alluvium,26.5934,80.6153,0.159,0.142,0.352,28.1,51.4,0.261,58.6,207.0,0.5,Overburden_Waste,0,Peninsular_Barren,unknown_non_mn,synthetic_or_unverified,Peninsular_Barren,,True
MN_060,Vizag Mn Zone,MOIL_GSI_Official,Marketable_Direct,Gondite_Series,18.12,83.2,0.764,0.681,0.313,36.3,39.7,0.196,394.3,109.0,25.5,Marketable_Saleable,1,Eastern_Ghats,manganese,prototype_positive,Eastern_Ghats,,True
MN_038,Barbil Deposit,MOIL_GSI_Official,Marketable_Direct,Gondite_Braunite,22.12,85.39,0.789,0.697,0.329,35.1,43.3,0.208,498.9,499.0,35.0,Marketable_Saleable,1,Singhbhum,manganese,prototype_positive,Singhbhum,,True
WASTE_0090,IndoGangetic_Alluvium_Barren_8,IBM_Sterilization_Survey,Overburden_Gangue,Alluvium,26.6392,80.8056,0.295,0.259,0.432,31.2,66.6,0.373,129.4,164.0,1.3,Overburden_Waste,0,Peninsular_Barren,unknown_non_mn,synthetic_or_unverified,Peninsular_Barren,,True
MN_015_EXT,Mansar Lease Zone - Extension Zone,GSI_Extension_Survey,Marketable_Direct,Mansar_Formation,21.5006,79.0201,0.782,0.7,0.349,34.9,40.0,0.218,475.0,390.0,31.7,Marketable_Saleable,1,CITZ_Sausar,manganese,prototype_positive,CITZ_Sausar,,True
WASTE_0107,Aravalli_Quartzite_Marble_3,IBM_Sterilization_Survey,Overburden_Gangue,Quartzite_Marble,26.2318,76.0295,0.396,0.344,0.637,29.6,43.2,0.506,154.1,418.0,3.8,Overburden_Waste,0,Peninsular_Barren,unknown_non_mn,synthetic_or_unverified,Peninsular_Barren,,True
WASTE_0080,Deccan_Basalt_WesternGhats_18,IBM_Sterilization_Survey,Overburden_Gangue,Deccan_Basalt,18.1412,76.4304,0.202,0.176,0.434,34.9,56.9,0.523,111.4,725.0,0.2,Overburden_Waste,0,Peninsular_Barren,unknown_non_mn,synthetic_or_unverified,Peninsular_Barren,,True
WASTE_0109,Aravalli_Quartzite_Marble_5,IBM_Sterilization_Survey,Overburden_Gangue,Quartzite_Marble,26.5632,75.5295,0.339,0.283,0.434,29.7,106.8,0.253,109.5,473.0,1.5,Overburden_Waste,0,Peninsular_Barren,unknown_non_mn,synthetic_or_unverified,Peninsular_Barren,,True
WASTE_0040,Nagpur_Quartzite_Interbed_18,IBM_Sterilization_Survey,Overburden_Gangue,Quartzite_Interbed,21.1466,79.1726,0.452,0.376,0.571,31.8,63.2,0.368,123.5,346.0,3.2,Overburden_Waste,0,CITZ_Sausar,unknown_non_mn,synthetic_or_unverified,CITZ_Sausar,,True
MN_067,Vadodara Champaner Fringe,MOIL_GSI_Official,Beneficiable_SubEconomic,Gondite_Series,22.38,73.55,0.706,0.618,0.258,35.7,32.9,0.231,324.4,205.0,21.0,Beneficiable_MR_Ore,1,Aravalli,manganese,prototype_positive,Aravalli,,True
WASTE_0020,Sausar_Calc_Silicate_Barren_20,IBM_Sterilization_Survey,Overburden_Gangue,Calc_Silicate,21.6363,79.0672,0.368,0.327,0.592,32.4,38.3,0.44,216.3,393.0,2.7,Overburden_Waste,0,CITZ_Sausar,unknown_non_mn,synthetic_or_unverified,CITZ_Sausar,,True
WASTE_0046,Balaghat_Laterite_Overburden_4,IBM_Sterilization_Survey,Overburden_Gangue,Laterite_Overburden,21.8652,79.8294,0.546,0.5,0.525,34.0,95.9,0.447,258.0,426.0,4.1,Overburden_Waste,0,CITZ_Sausar,unknown_non_mn,synthetic_or_unverified,CITZ_Sausar,,True
MN_033_EXT,Betul Block MP - Extension Zone,GSI_Extension_Survey,Marketable_Direct,Gondite_Series,21.8981,77.8888,0.775,0.669,0.297,35.4,43.9,0.24,440.0,461.0,29.7,Marketable_Saleable,1,CITZ_Sausar,manganese,prototype_positive,CITZ_Sausar,,True
WASTE_0028,Nagpur_Quartzite_Interbed_6,IBM_Sterilization_Survey,Overburden_Gangue,Quartzite_Interbed,21.1411,78.958,0.381,0.347,0.628,29.9,64.9,0.296,169.8,397.0,2.4,Overburden_Waste,0,CITZ_Sausar,unknown_non_mn,synthetic_or_unverified,CITZ_Sausar,,True
MN_043_EXT,Barajamda Block - Extension Zone,GSI_Extension_Survey,Marketable_Direct,Braunite_Series,22.1217,85.1713,0.739,0.691,0.272,37.2,47.9,0.252,454.2,486.0,27.8,Marketable_Saleable,1,Singhbhum,manganese,prototype_positive,Singhbhum,,True
WASTE_0043,Balaghat_Laterite_Overburden_1,IBM_Sterilization_Survey,Overburden_Gangue,Laterite_Overburden,21.8561,80.2762,0.425,0.353,0.354,35.7,90.3,0.356,167.2,368.0,7.2,Overburden_Waste,0,CITZ_Sausar,unknown_non_mn,synthetic_or_unverified,CITZ_Sausar,,True
MN_007,Sitapatore Mine,MOIL_GSI_Official,Marketable_Direct,Gondite_Braunite,21.12,79.2,0.794,0.711,0.312,34.7,44.5,0.228,488.3,420.0,37.0,Marketable_Saleable,1,CITZ_Sausar,manganese,prototype_positive,CITZ_Sausar,,True
MN_018_EXT,Junewani Deposit - Extension Zone,GSI_Extension_Survey,Marketable_Direct,Gondite_Series,21.7929,79.8957,0.754,0.67,0.33,35.4,35.6,0.249,473.3,408.0,31.0,Marketable_Saleable,1,CITZ_Sausar,manganese,prototype_positive,CITZ_Sausar,,True
MN_015,Mansar Lease Zone,MOIL_GSI_Official,Marketable_Direct,Mansar_Formation,21.5,79.02,0.786,0.706,0.272,35.0,43.3,0.247,463.3,398.0,31.0,Marketable_Saleable,1,CITZ_Sausar,manganese,prototype_positive,CITZ_Sausar,,True
WASTE_0132,Southern_Sedimentary_Barren_10,IBM_Sterilization_Survey,Overburden_Gangue,Sedimentary,11.0988,79.6788,0.247,0.218,0.484,29.7,38.7,0.503,54.4,83.0,1.1,Overburden_Waste,0,Peninsular_Barren,unknown_non_mn,synthetic_or_unverified,Peninsular_Barren,,True
WASTE_0124,Southern_Sedimentary_Barren_2,IBM_Sterilization_Survey,Overburden_Gangue,Sedimentary,11.5164,78.4108,0.154,0.129,0.509,32.8,35.7,0.389,99.3,131.0,1.1,Overburden_Waste,0,Peninsular_Barren,unknown_non_mn,synthetic_or_unverified,Peninsular_Barren,,True
MN_026_EXT,Parseoni Low-Grade Outcrop - Extension Zone,GSI_Extension_Survey,Beneficiable_SubEconomic,Gondite_Braunite,21.3864,79.2042,0.716,0.644,0.349,35.3,43.9,0.232,437.3,372.0,24.1,Beneficiable_MR_Ore,1,CITZ_Sausar,manganese,prototype_positive,CITZ_Sausar,,True
MN_048_EXT,Kalimati Low-Grade Zone - Extension Zone,GSI_Extension_Survey,Beneficiable_SubEconomic,Gondite_Series,22.2263,85.6341,0.693,0.634,0.294,34.5,40.1,0.257,392.7,314.0,17.3,Beneficiable_MR_Ore,1,Singhbhum,manganese,prototype_positive,Singhbhum,,True
WASTE_0038,Nagpur_Quartzite_Interbed_16,IBM_Sterilization_Survey,Overburden_Gangue,Quartzite_Interbed,20.9876,79.1207,0.375,0.344,0.475,31.9,36.4,0.328,179.2,311.0,4.5,Overburden_Waste,0,CITZ_Sausar,unknown_non_mn,synthetic_or_unverified,CITZ_Sausar,,True
WASTE_0058,Balaghat_Laterite_Overburden_16,IBM_Sterilization_Survey,Overburden_Gangue,Laterite_Overburden,21.8106,80.2453,0.522,0.436,0.522,32.7,48.8,0.359,244.0,402.0,5.0,Overburden_Waste,0,CITZ_Sausar,unknown_non_mn,synthetic_or_unverified,CITZ_Sausar,,True
MN_021_EXT,Miragpur Beneficiable Ore - Extension Zone,GSI_Extension_Survey,Marketable_Direct,Gondite_Series,21.6925,79.8353,0.735,0.653,0.294,37.2,47.7,0.244,435.5,391.0,25.0,Marketable_Saleable,1,CITZ_Sausar,manganese,prototype_positive,CITZ_Sausar,,True
WASTE_0092,IndoGangetic_Alluvium_Barren_10,IBM_Sterilization_Survey,Overburden_Gangue,Alluvium,25.6964,81.5285,0.257,0.215,0.386,31.4,91.3,0.271,81.1,191.0,0.7,Overburden_Waste,0,Peninsular_Barren,unknown_non_mn,synthetic_or_unverified,Peninsular_Barren,,True
WASTE_0047,Balaghat_Laterite_Overburden_5,IBM_Sterilization_Survey,Overburden_Gangue,Laterite_Overburden,21.664,80.0368,0.541,0.458,0.534,35.5,53.1,0.286,203.2,408.0,4.7,Overburden_Waste,0,CITZ_Sausar,unknown_non_mn,synthetic_or_unverified,CITZ_Sausar,,True
MN_069,Sivnia Block Rajasthan,MOIL_GSI_Official,Beneficiable_SubEconomic,Gondite_Series,23.4,74.52,0.722,0.646,0.312,34.7,34.3,0.197,372.3,333.0,23.5,Beneficiable_MR_Ore,1,Aravalli,manganese,prototype_positive,Aravalli,,True
MN_014,Chorbaoli Deposit,MOIL_GSI_Official,Marketable_Direct,Braunite_Series,21.72,79.35,0.834,0.754,0.317,35.0,37.4,0.25,506.1,426.0,34.0,Marketable_Saleable,1,CITZ_Sausar,manganese,prototype_positive,CITZ_Sausar,,True
WASTE_0134,Southern_Sedimentary_Barren_12,IBM_Sterilization_Survey,Overburden_Gangue,Sedimentary,11.0382,78.6799,0.275,0.228,0.588,35.3,105.8,0.538,148.1,88.0,1.6,Overburden_Waste,0,Peninsular_Barren,unknown_non_mn,synthetic_or_unverified,Peninsular_Barren,,True
WASTE_0002,Sausar_Calc_Silicate_Barren_2,IBM_Sterilization_Survey,Overburden_Gangue,Calc_Silicate,21.6082,79.1946,0.474,0.431,0.646,28.3,100.0,0.424,154.6,381.0,3.8,Overburden_Waste,0,CITZ_Sausar,unknown_non_mn,synthetic_or_unverified,CITZ_Sausar,,True
WASTE_0126,Southern_Sedimentary_Barren_4,IBM_Sterilization_Survey,Overburden_Gangue,Sedimentary,13.2286,77.8246,0.206,0.169,0.454,31.0,35.1,0.34,127.3,154.0,0.8,Overburden_Waste,0,Dharwar,unknown_non_mn,synthetic_or_unverified,Dharwar,,True
MN_001,Balaghat Mine,MOIL_GSI_Official,Marketable_Direct,Gondite_Braunite,21.8167,80.1833,0.836,0.754,0.306,36.1,34.2,0.201,522.0,424.0,44.5,Marketable_Saleable,1,CITZ_Sausar,manganese,prototype_positive,CITZ_Sausar,,True
WASTE_0105,Aravalli_Quartzite_Marble_1,IBM_Sterilization_Survey,Overburden_Gangue,Quartzite_Marble,26.1002,76.0449,0.226,0.207,0.613,35.6,46.2,0.389,157.4,346.0,0.7,Overburden_Waste,0,Peninsular_Barren,unknown_non_mn,synthetic_or_unverified,Peninsular_Barren,,True
MN_051,Sandur Mn Belt Core,MOIL_GSI_Official,Marketable_Direct,Gondite_Series,15.1,76.55,0.773,0.695,0.256,37.2,37.9,0.217,443.2,771.0,28.5,Marketable_Saleable,1,Dharwar,manganese,prototype_positive,Dharwar,,True
WASTE_0081,Deccan_Basalt_WesternGhats_19,IBM_Sterilization_Survey,Overburden_Gangue,Deccan_Basalt,19.2619,75.9147,0.184,0.172,0.434,35.0,43.4,0.461,63.5,699.0,2.6,Overburden_Waste,0,Peninsular_Barren,unknown_non_mn,synthetic_or_unverified,Peninsular_Barren,,True
WASTE_0076,Deccan_Basalt_WesternGhats_14,IBM_Sterilization_Survey,Overburden_Gangue,Deccan_Basalt,17.7196,73.9259,0.25,0.218,0.456,34.7,70.3,0.544,101.6,636.0,2.6,Overburden_Waste,0,Peninsular_Barren,unknown_non_mn,synthetic_or_unverified,Peninsular_Barren,,True
MN_050,Gua Low-Grade Horizon,MOIL_GSI_Official,Beneficiable_SubEconomic,Gondite_Series,22.21,85.38,0.66,0.585,0.287,34.6,35.8,0.191,297.0,453.0,16.0,Beneficiable_MR_Ore,1,Singhbhum,manganese,prototype_positive,Singhbhum,,True
MN_019,Kheri Formation,MOIL_GSI_Official,Marketable_Direct,Gondite_Series,21.9,80.25,0.77,0.698,0.276,36.2,40.9,0.193,463.1,401.0,30.5,Marketable_Saleable,1,CITZ_Sausar,manganese,prototype_positive,CITZ_Sausar,,True
MN_031_EXT,Nagbhir Belt - Extension Zone,GSI_Extension_Survey,Marketable_Direct,Gondite_Series,20.5496,79.4979,0.771,0.669,0.323,34.5,35.2,0.22,430.9,344.0,27.3,Marketable_Saleable,1,CITZ_Sausar,manganese,prototype_positive,CITZ_Sausar,,True
WASTE_0011,Sausar_Calc_Silicate_Barren_11,IBM_Sterilization_Survey,Overburden_Gangue,Calc_Silicate,21.8365,78.5751,0.464,0.405,0.601,35.6,86.2,0.399,137.7,416.0,6.6,Overburden_Waste,0,CITZ_Sausar,unknown_non_mn,synthetic_or_unverified,CITZ_Sausar,,True
WASTE_0060,Balaghat_Laterite_Overburden_18,IBM_Sterilization_Survey,Overburden_Gangue,Laterite_Overburden,22.021,79.9303,0.524,0.459,0.568,32.0,67.8,0.469,173.3,369.0,5.5,Overburden_Waste,0,CITZ_Sausar,unknown_non_mn,synthetic_or_unverified,CITZ_Sausar,,True
WASTE_0084,IndoGangetic_Alluvium_Barren_2,IBM_Sterilization_Survey,Overburden_Gangue,Alluvium,28.7849,83.4177,0.224,0.186,0.378,35.3,85.2,0.499,93.9,163.0,1.5,Overburden_Waste,0,Peninsular_Barren,unknown_non_mn,synthetic_or_unverified,Peninsular_Barren,,True
WASTE_0065,Deccan_Basalt_WesternGhats_3,IBM_Sterilization_Survey,Overburden_Gangue,Deccan_Basalt,18.8256,74.5485,0.203,0.17,0.518,32.2,43.6,0.508,57.6,705.0,0.9,Overburden_Waste,0,Peninsular_Barren,unknown_non_mn,synthetic_or_unverified,Peninsular_Barren,,True
MN_006_EXT,Chikla Mine - Extension Zone,GSI_Extension_Survey,Marketable_Direct,Gondite_Braunite,21.1004,79.1704,0.817,0.743,0.268,34.7,36.6,0.284,498.5,434.0,39.7,Marketable_Saleable,1,CITZ_Sausar,manganese,prototype_positive,CITZ_Sausar,,True
WASTE_0137,Southern_Sedimentary_Barren_15,IBM_Sterilization_Survey,Overburden_Gangue,Sedimentary,12.9154,77.7576,0.24,0.198,0.437,31.2,104.0,0.548,116.2,74.0,1.3,Overburden_Waste,0,Dharwar,unknown_non_mn,synthetic_or_unverified,Dharwar,,True
WASTE_0102,IndoGangetic_Alluvium_Barren_20,IBM_Sterilization_Survey,Overburden_Gangue,Alluvium,27.2876,82.7143,0.287,0.25,0.367,30.7,55.3,0.54,63.3,171.0,0.5,Overburden_Waste,0,Peninsular_Barren,unknown_non_mn,synthetic_or_unverified,Peninsular_Barren,,True
MN_014_EXT,Chorbaoli Deposit - Extension Zone,GSI_Extension_Survey,Marketable_Direct,Braunite_Series,21.7228,79.3718,0.793,0.689,0.359,34.1,42.3,0.28,482.8,443.0,34.3,Marketable_Saleable,1,CITZ_Sausar,manganese,prototype_positive,CITZ_Sausar,,True
WASTE_0136,Southern_Sedimentary_Barren_14,IBM_Sterilization_Survey,Overburden_Gangue,Sedimentary,13.0865,78.847,0.153,0.125,0.54,29.8,59.1,0.504,142.6,96.0,1.0,Overburden_Waste,0,Peninsular_Barren,unknown_non_mn,synthetic_or_unverified,Peninsular_Barren,,True
MN_003,Gumgaon Mine,MOIL_GSI_Official,Marketable_Direct,Gondite_Braunite,21.05,79.1,0.856,0.758,0.251,35.7,32.5,0.254,554.1,452.0,42.0,Marketable_Saleable,1,CITZ_Sausar,manganese,prototype_positive,CITZ_Sausar,,True
MN_062,Garbham Gondite Deposit,MOIL_GSI_Official,Beneficiable_SubEconomic,Gondite_Series,18.35,83.45,0.696,0.64,0.252,35.2,42.4,0.201,358.6,106.0,22.0,Beneficiable_MR_Ore,1,Eastern_Ghats,manganese,prototype_positive,Eastern_Ghats,,True
MN_017,Bhagwanpura Block,MOIL_GSI_Official,Marketable_Direct,Braunite_Series,21.85,80.0,0.827,0.754,0.286,35.1,43.1,0.209,515.4,410.0,35.0,Marketable_Saleable,1,CITZ_Sausar,manganese,prototype_positive,CITZ_Sausar,,True
WASTE_0034,Nagpur_Quartzite_Interbed_12,IBM_Sterilization_Survey,Overburden_Gangue,Quartzite_Interbed,20.9659,79.1205,0.312,0.257,0.64,31.5,58.4,0.402,196.7,370.0,1.2,Overburden_Waste,0,CITZ_Sausar,unknown_non_mn,synthetic_or_unverified,CITZ_Sausar,,True
WASTE_0023,Nagpur_Quartzite_Interbed_1,IBM_Sterilization_Survey,Overburden_Gangue,Quartzite_Interbed,21.2316,79.4177,0.339,0.282,0.514,29.9,64.3,0.428,167.8,377.0,0.6,Overburden_Waste,0,CITZ_Sausar,unknown_non_mn,synthetic_or_unverified,CITZ_Sausar,,True
WASTE_0039,Nagpur_Quartzite_Interbed_17,IBM_Sterilization_Survey,Overburden_Gangue,Quartzite_Interbed,21.2421,78.9823,0.396,0.335,0.59,35.7,71.6,0.283,131.7,417.0,0.6,Overburden_Waste,0,CITZ_Sausar,unknown_non_mn,synthetic_or_unverified,CITZ_Sausar,,True
WASTE_0079,Deccan_Basalt_WesternGhats_17,IBM_Sterilization_Survey,Overburden_Gangue,Deccan_Basalt,19.3653,75.495,0.232,0.216,0.484,31.7,99.8,0.414,91.6,483.0,2.4,Overburden_Waste,0,Peninsular_Barren,unknown_non_mn,synthetic_or_unverified,Peninsular_Barren,,True
MN_070,Ghatia Horizon Banswara,MOIL_GSI_Official,Beneficiable_SubEconomic,Gondite_Series,23.31,74.38,0.672,0.581,0.314,35.6,41.0,0.227,305.6,287.0,17.5,Beneficiable_MR_Ore,1,Aravalli,manganese,prototype_positive,Aravalli,,True
MN_032,Yavatmal Deposit,MOIL_GSI_Official,Marketable_Direct,Braunite_Series,20.4,78.12,0.74,0.659,0.298,34.6,36.8,0.253,396.6,387.0,26.5,Marketable_Saleable,1,CITZ_Sausar,manganese,prototype_positive,CITZ_Sausar,,True
MN_068_EXT,Tambesra Deposit Banswara - Extension Zone,GSI_Extension_Survey,Marketable_Direct,Gondite_Series,23.3601,74.453,0.735,0.661,0.295,33.6,35.3,0.242,410.8,300.0,25.5,Marketable_Saleable,1,Aravalli,manganese,prototype_positive,Aravalli,,True
MN_065,Shivrajpur Belt,MOIL_GSI_Official,Marketable_Direct,Gondite_Series,22.42,73.18,0.767,0.705,0.299,35.0,45.3,0.201,435.1,194.0,30.5,Marketable_Saleable,1,Aravalli,manganese,prototype_positive,Aravalli,,True
WASTE_0139,Southern_Sedimentary_Barren_17,IBM_Sterilization_Survey,Overburden_Gangue,Sedimentary,12.2563,78.4682,0.288,0.244,0.502,29.8,37.9,0.261,141.8,70.0,0.6,Overburden_Waste,0,Peninsular_Barren,unknown_non_mn,synthetic_or_unverified,Peninsular_Barren,,True
WASTE_0093,IndoGangetic_Alluvium_Barren_11,IBM_Sterilization_Survey,Overburden_Gangue,Alluvium,25.7646,79.6608,0.308,0.278,0.353,33.1,103.5,0.434,72.6,215.0,1.2,Overburden_Waste,0,Peninsular_Barren,unknown_non_mn,synthetic_or_unverified,Peninsular_Barren,,True
MN_036,Gumgaon Low-Grade South Fringe,MOIL_GSI_Official,Beneficiable_SubEconomic,Gondite_Series,21.035,79.085,0.64,0.562,0.254,34.7,36.0,0.202,306.4,432.0,16.5,Beneficiable_MR_Ore,1,CITZ_Sausar,manganese,prototype_positive,CITZ_Sausar,,True
WASTE_0121,Aravalli_Quartzite_Marble_17,IBM_Sterilization_Survey,Overburden_Gangue,Quartzite_Marble,25.1266,74.2905,0.274,0.226,0.605,29.7,84.3,0.392,115.8,477.0,3.5,Overburden_Waste,0,Peninsular_Barren,unknown_non_mn,synthetic_or_unverified,Peninsular_Barren,,True
MN_033,Betul Block MP,MOIL_GSI_Official,Marketable_Direct,Gondite_Series,21.92,77.9,0.78,0.696,0.244,36.8,40.8,0.196,445.6,473.0,29.0,Marketable_Saleable,1,CITZ_Sausar,manganese,prototype_positive,CITZ_Sausar,,True
MN_023,Jamrapani Beneficiable Ore,MOIL_GSI_Official,Beneficiable_SubEconomic,Gondite_Series,21.92,80.16,0.735,0.658,0.311,36.8,33.3,0.225,362.0,399.0,24.0,Beneficiable_MR_Ore,1,CITZ_Sausar,manganese,prototype_positive,CITZ_Sausar,,True
WASTE_0085,IndoGangetic_Alluvium_Barren_3,IBM_Sterilization_Survey,Overburden_Gangue,Alluvium,28.4006,81.2883,0.223,0.195,0.531,35.1,68.3,0.432,79.1,235.0,0.6,Overburden_Waste,0,Peninsular_Barren,unknown_non_mn,synthetic_or_unverified,Peninsular_Barren,,True
WASTE_0017,Sausar_Calc_Silicate_Barren_17,IBM_Sterilization_Survey,Overburden_Gangue,Calc_Silicate,21.6611,78.9269,0.453,0.413,0.355,29.6,35.6,0.444,191.8,445.0,6.3,Overburden_Waste,0,CITZ_Sausar,unknown_non_mn,synthetic_or_unverified,CITZ_Sausar,,True
MN_021,Miragpur Beneficiable Ore,MOIL_GSI_Official,Beneficiable_SubEconomic,Gondite_Series,21.68,79.82,0.709,0.646,0.297,37.1,42.3,0.246,354.9,374.0,23.5,Beneficiable_MR_Ore,1,CITZ_Sausar,manganese,prototype_positive,CITZ_Sausar,,True
MN_062_EXT,Garbham Gondite Deposit - Extension Zone,GSI_Extension_Survey,Beneficiable_SubEconomic,Gondite_Series,18.3504,83.4253,0.719,0.655,0.286,36.0,42.6,0.272,404.3,84.0,20.6,Beneficiable_MR_Ore,1,Eastern_Ghats,manganese,prototype_positive,Eastern_Ghats,,True
WASTE_0086,IndoGangetic_Alluvium_Barren_4,IBM_Sterilization_Survey,Overburden_Gangue,Alluvium,27.5833,81.4377,0.261,0.221,0.496,33.2,106.3,0.43,49.4,192.0,0.9,Overburden_Waste,0,Peninsular_Barren,unknown_non_mn,synthetic_or_unverified,Peninsular_Barren,,True
WASTE_0014,Sausar_Calc_Silicate_Barren_14,IBM_Sterilization_Survey,Overburden_Gangue,Calc_Silicate,21.5819,78.7616,0.463,0.425,0.595,29.0,75.8,0.252,199.8,388.0,6.0,Overburden_Waste,0,CITZ_Sausar,unknown_non_mn,synthetic_or_unverified,CITZ_Sausar,,True
MN_012_EXT,Sausar North Block - Extension Zone,GSI_Extension_Survey,Marketable_Direct,Gondite_Series,21.6523,78.7875,0.77,0.683,0.297,34.6,37.9,0.288,433.6,367.0,29.4,Marketable_Saleable,1,CITZ_Sausar,manganese,prototype_positive,CITZ_Sausar,,True
WASTE_0091,IndoGangetic_Alluvium_Barren_9,IBM_Sterilization_Survey,Overburden_Gangue,Alluvium,28.4951,82.3552,0.242,0.207,0.35,33.1,38.8,0.327,126.0,240.0,1.5,Overburden_Waste,0,Peninsular_Barren,unknown_non_mn,synthetic_or_unverified,Peninsular_Barren,,True
WASTE_0087,IndoGangetic_Alluvium_Barren_5,IBM_Sterilization_Survey,Overburden_Gangue,Alluvium,27.9539,80.797,0.247,0.204,0.364,29.1,55.8,0.541,72.6,202.0,0.5,Overburden_Waste,0,Peninsular_Barren,unknown_non_mn,synthetic_or_unverified,Peninsular_Barren,,True
MN_041_EXT,Bolani Block - Extension Zone,GSI_Extension_Survey,Marketable_Direct,Gondite_Series,22.1421,85.3261,0.766,0.655,0.34,34.1,37.7,0.268,434.2,540.0,27.4,Marketable_Saleable,1,Singhbhum,manganese,prototype_positive,Singhbhum,,True
MN_020_EXT,Warora Belt Node - Extension Zone,GSI_Extension_Survey,Marketable_Direct,Braunite_Series,20.2085,78.99,0.723,0.666,0.292,36.9,34.4,0.275,407.9,305.0,25.1,Marketable_Saleable,1,CITZ_Sausar,manganese,prototype_positive,CITZ_Sausar,,True
WASTE_0063,Deccan_Basalt_WesternGhats_1,IBM_Sterilization_Survey,Overburden_Gangue,Deccan_Basalt,19.7193,73.9177,0.286,0.249,0.549,35.7,77.0,0.531,129.0,457.0,1.3,Overburden_Waste,0,Peninsular_Barren,unknown_non_mn,synthetic_or_unverified,Peninsular_Barren,,True
WASTE_0115,Aravalli_Quartzite_Marble_11,IBM_Sterilization_Survey,Overburden_Gangue,Quartzite_Marble,26.2576,75.1867,0.214,0.193,0.591,32.4,74.0,0.293,148.5,477.0,1.2,Overburden_Waste,0,Peninsular_Barren,unknown_non_mn,synthetic_or_unverified,Peninsular_Barren,,True
MN_024_EXT,Waraseoni Low-Grade Horizon - Extension Zone,GSI_Extension_Survey,Beneficiable_SubEconomic,Gondite_Series,21.7724,80.0443,0.706,0.616,0.316,35.2,48.5,0.219,406.6,377.0,20.0,Beneficiable_MR_Ore,1,CITZ_Sausar,manganese,prototype_positive,CITZ_Sausar,,True
MN_048,Kalimati Low-Grade Zone,MOIL_GSI_Official,Beneficiable_SubEconomic,Gondite_Series,22.25,85.65,0.657,0.585,0.258,35.0,44.5,0.191,283.0,315.0,17.5,Beneficiable_MR_Ore,1,Singhbhum,manganese,prototype_positive,Singhbhum,,True
WASTE_0094,IndoGangetic_Alluvium_Barren_12,IBM_Sterilization_Survey,Overburden_Gangue,Alluvium,28.3832,82.4298,0.144,0.134,0.354,31.4,57.1,0.396,88.1,166.0,0.1,Overburden_Waste,0,Peninsular_Barren,unknown_non_mn,synthetic_or_unverified,Peninsular_Barren,,True
WASTE_0111,Aravalli_Quartzite_Marble_7,IBM_Sterilization_Survey,Overburden_Gangue,Quartzite_Marble,26.4756,75.6814,0.369,0.33,0.472,31.3,40.0,0.355,123.6,299.0,0.6,Overburden_Waste,0,Peninsular_Barren,unknown_non_mn,synthetic_or_unverified,Peninsular_Barren,,True
WASTE_0062,Balaghat_Laterite_Overburden_20,IBM_Sterilization_Survey,Overburden_Gangue,Laterite_Overburden,21.7235,80.4344,0.452,0.386,0.37,31.9,37.5,0.269,205.0,445.0,7.5,Overburden_Waste,0,CITZ_Sausar,unknown_non_mn,synthetic_or_unverified,CITZ_Sausar,,True
WASTE_0022,Sausar_Calc_Silicate_Barren_22,IBM_Sterilization_Survey,Overburden_Gangue,Calc_Silicate,21.5066,79.1244,0.397,0.364,0.537,31.6,79.0,0.3,186.8,351.0,3.8,Overburden_Waste,0,CITZ_Sausar,unknown_non_mn,synthetic_or_unverified,CITZ_Sausar,,True
MN_022_EXT,Netra Beneficiable Block - Extension Zone,GSI_Extension_Survey,Beneficiable_SubEconomic,Gondite_Series,21.8555,80.1403,0.703,0.65,0.317,36.0,41.2,0.233,413.0,387.0,19.9,Beneficiable_MR_Ore,1,CITZ_Sausar,manganese,prototype_positive,CITZ_Sausar,,True
WASTE_0006,Sausar_Calc_Silicate_Barren_6,IBM_Sterilization_Survey,Overburden_Gangue,Calc_Silicate,21.5463,79.1188,0.372,0.349,0.401,32.2,60.3,0.499,143.6,348.0,3.9,Overburden_Waste,0,CITZ_Sausar,unknown_non_mn,synthetic_or_unverified,CITZ_Sausar,,True
WASTE_0051,Balaghat_Laterite_Overburden_9,IBM_Sterilization_Survey,Overburden_Gangue,Laterite_Overburden,21.9444,80.4113,0.503,0.458,0.424,33.8,109.4,0.28,206.2,361.0,3.2,Overburden_Waste,0,CITZ_Sausar,unknown_non_mn,synthetic_or_unverified,CITZ_Sausar,,True
WASTE_0072,Deccan_Basalt_WesternGhats_10,IBM_Sterilization_Survey,Overburden_Gangue,Deccan_Basalt,17.606,74.0527,0.359,0.322,0.375,35.1,95.3,0.402,78.4,635.0,0.6,Overburden_Waste,0,Peninsular_Barren,unknown_non_mn,synthetic_or_unverified,Peninsular_Barren,,True
MN_002_EXT,Ukwa Mine - Extension Zone,GSI_Extension_Survey,Marketable_Direct,Gondite_Braunite,21.9507,80.0546,0.813,0.708,0.355,37.4,46.9,0.234,479.3,386.0,37.5,Marketable_Saleable,1,CITZ_Sausar,manganese,prototype_positive,CITZ_Sausar,,True
MN_053_EXT,Subbarayanahalli Block - Extension Zone,GSI_Extension_Survey,Marketable_Direct,Gondite_Series,15.0409,76.4918,0.741,0.649,0.347,36.4,46.9,0.263,430.7,829.0,25.8,Marketable_Saleable,1,Dharwar,manganese,prototype_positive,Dharwar,,True
MN_027_EXT,Bharweli Fringe Beneficiable - Extension Zone,GSI_Extension_Survey,Beneficiable_SubEconomic,Gondite_Braunite,21.8205,80.2157,0.724,0.673,0.355,36.4,43.8,0.243,435.6,428.0,24.7,Beneficiable_MR_Ore,1,CITZ_Sausar,manganese,prototype_positive,CITZ_Sausar,,True
MN_067_EXT,Vadodara Champaner Fringe - Extension Zone,GSI_Extension_Survey,Beneficiable_SubEconomic,Gondite_Series,22.3705,73.5478,0.686,0.62,0.32,34.7,45.1,0.279,386.1,207.0,18.5,Beneficiable_MR_Ore,1,Aravalli,manganese,prototype_positive,Aravalli,,True
MN_001_EXT,Balaghat Mine - Extension Zone,GSI_Extension_Survey,Marketable_Direct,Gondite_Braunite,21.8218,80.1937,0.853,0.758,0.278,34.2,38.9,0.252,511.7,412.0,42.1,Marketable_Saleable,1,CITZ_Sausar,manganese,prototype_positive,CITZ_Sausar,,True
WASTE_0097,IndoGangetic_Alluvium_Barren_15,IBM_Sterilization_Survey,Overburden_Gangue,Alluvium,26.7249,81.5081,0.261,0.236,0.393,35.1,60.9,0.296,55.0,197.0,0.7,Overburden_Waste,0,Peninsular_Barren,unknown_non_mn,synthetic_or_unverified,Peninsular_Barren,,True
MN_052_EXT,Hospet Deposit - Extension Zone,GSI_Extension_Survey,Marketable_Direct,Braunite_Series,15.2476,76.3898,0.737,0.673,0.268,36.4,41.9,0.265,413.9,520.0,25.9,Marketable_Saleable,1,Dharwar,manganese,prototype_positive,Dharwar,,True
MN_025_EXT,Khapa Beneficiable Belt - Extension Zone,GSI_Extension_Survey,Beneficiable_SubEconomic,Gondite_Series,21.3881,78.9737,0.724,0.619,0.261,37.4,34.7,0.281,411.8,368.0,19.6,Beneficiable_MR_Ore,1,CITZ_Sausar,manganese,prototype_positive,CITZ_Sausar,,True
WASTE_0024,Nagpur_Quartzite_Interbed_2,IBM_Sterilization_Survey,Overburden_Gangue,Quartzite_Interbed,21.1235,79.4927,0.325,0.293,0.558,35.9,44.6,0.281,148.5,389.0,2.7,Overburden_Waste,0,CITZ_Sausar,unknown_non_mn,synthetic_or_unverified,CITZ_Sausar,,True
MN_041,Bolani Block,MOIL_GSI_Official,Marketable_Direct,Gondite_Series,22.15,85.31,0.75,0.674,0.262,36.6,32.5,0.23,446.7,542.0,29.5,Marketable_Saleable,1,Singhbhum,manganese,prototype_positive,Singhbhum,,True
WASTE_0066,Deccan_Basalt_WesternGhats_4,IBM_Sterilization_Survey,Overburden_Gangue,Deccan_Basalt,19.1684,73.703,0.322,0.285,0.4,35.6,98.7,0.451,80.4,595.0,0.4,Overburden_Waste,0,Peninsular_Barren,unknown_non_mn,synthetic_or_unverified,Peninsular_Barren,,True
MN_018,Junewani Deposit,MOIL_GSI_Official,Marketable_Direct,Gondite_Series,21.78,79.92,0.793,0.724,0.306,35.9,40.6,0.219,483.7,405.0,33.0,Marketable_Saleable,1,CITZ_Sausar,manganese,prototype_positive,CITZ_Sausar,,True
WASTE_0112,Aravalli_Quartzite_Marble_8,IBM_Sterilization_Survey,Overburden_Gangue,Quartzite_Marble,24.833,75.8288,0.39,0.323,0.373,32.0,94.6,0.462,127.5,352.0,4.3,Overburden_Waste,0,Peninsular_Barren,unknown_non_mn,synthetic_or_unverified,Peninsular_Barren,,True
MN_004_EXT,Kandri Mine - Extension Zone,GSI_Extension_Survey,Marketable_Direct,Gondite_Braunite,21.2021,79.282,0.812,0.76,0.28,33.5,47.0,0.267,528.9,406.0,41.2,Marketable_Saleable,1,CITZ_Sausar,manganese,prototype_positive,CITZ_Sausar,,True
WASTE_0032,Nagpur_Quartzite_Interbed_10,IBM_Sterilization_Survey,Overburden_Gangue,Quartzite_Interbed,21.2951,79.4208,0.445,0.407,0.402,33.6,61.0,0.543,117.3,354.0,2.2,Overburden_Waste,0,CITZ_Sausar,unknown_non_mn,synthetic_or_unverified,CITZ_Sausar,,True
WASTE_0059,Balaghat_Laterite_Overburden_17,IBM_Sterilization_Survey,Overburden_Gangue,Laterite_Overburden,21.7673,79.8183,0.423,0.389,0.632,30.1,67.2,0.512,211.8,393.0,4.0,Overburden_Waste,0,CITZ_Sausar,unknown_non_mn,synthetic_or_unverified,CITZ_Sausar,,True
WASTE_0117,Aravalli_Quartzite_Marble_13,IBM_Sterilization_Survey,Overburden_Gangue,Quartzite_Marble,24.6406,73.9666,0.341,0.283,0.572,30.5,42.6,0.358,70.4,339.0,3.8,Overburden_Waste,0,Aravalli,unknown_non_mn,synthetic_or_unverified,Aravalli,,True
MN_056,Donimalai North Beneficiable,MOIL_GSI_Official,Beneficiable_SubEconomic,Gondite_Series,15.06,76.61,0.683,0.592,0.242,37.0,32.3,0.251,318.5,903.0,19.0,Beneficiable_MR_Ore,1,Dharwar,manganese,prototype_positive,Dharwar,,True
MN_046_EXT,Koira Block - Extension Zone,GSI_Extension_Survey,Marketable_Direct,Gondite_Series,21.927,85.235,0.74,0.659,0.355,35.0,38.3,0.262,454.5,549.0,27.7,Marketable_Saleable,1,Singhbhum,manganese,prototype_positive,Singhbhum,,True
MN_042_EXT,Bonai Deposit - Extension Zone,GSI_Extension_Survey,Marketable_Direct,Gondite_Series,22.015,84.9481,0.766,0.699,0.321,33.6,48.0,0.285,466.9,365.0,32.3,Marketable_Saleable,1,Singhbhum,manganese,prototype_positive,Singhbhum,,True
MN_065_EXT,Shivrajpur Belt - Extension Zone,GSI_Extension_Survey,Marketable_Direct,Gondite_Series,22.416,73.1869,0.755,0.701,0.349,34.4,37.4,0.212,447.4,188.0,29.6,Marketable_Saleable,1,Aravalli,manganese,prototype_positive,Aravalli,,True
MN_027,Bharweli Fringe Beneficiable,MOIL_GSI_Official,Beneficiable_SubEconomic,Gondite_Braunite,21.83,80.2,0.739,0.656,0.293,34.3,45.6,0.259,394.4,413.0,24.5,Beneficiable_MR_Ore,1,CITZ_Sausar,manganese,prototype_positive,CITZ_Sausar,,True
MN_045_EXT,Tensa Deposit - Extension Zone,GSI_Extension_Survey,Beneficiable_SubEconomic,Gondite_Series,21.8924,85.1757,0.755,0.654,0.267,36.5,37.4,0.282,424.2,572.0,24.3,Beneficiable_MR_Ore,1,Singhbhum,manganese,prototype_positive,Singhbhum,,True
MN_005,Munsar / Mansar Mine,MOIL_GSI_Official,Marketable_Direct,Gondite_Braunite,21.15,79.25,0.818,0.717,0.272,34.4,44.1,0.234,486.6,394.0,38.5,Marketable_Saleable,1,CITZ_Sausar,manganese,prototype_positive,CITZ_Sausar,,True
MN_007_EXT,Sitapatore Mine - Extension Zone,GSI_Extension_Survey,Marketable_Direct,Gondite_Braunite,21.1109,79.1805,0.794,0.724,0.261,35.5,40.7,0.228,499.0,397.0,35.4,Marketable_Saleable,1,CITZ_Sausar,manganese,prototype_positive,CITZ_Sausar,,True
MN_030_EXT,Bramhapuri Zone - Extension Zone,GSI_Extension_Survey,Marketable_Direct,Gondite_Series,20.606,79.8702,0.727,0.64,0.319,35.1,41.0,0.282,420.8,347.0,25.4,Marketable_Saleable,1,CITZ_Sausar,manganese,prototype_positive,CITZ_Sausar,,True
MN_045,Tensa Deposit,MOIL_GSI_Official,Marketable_Direct,Gondite_Series,21.91,85.18,0.762,0.666,0.292,36.2,32.2,0.236,396.2,594.0,26.5,Marketable_Saleable,1,Singhbhum,manganese,prototype_positive,Singhbhum,,True
MN_066_EXT,Pani Deposit Gujarat - Extension Zone,GSI_Extension_Survey,Marketable_Direct,Gondite_Series,22.4972,73.7931,0.735,0.649,0.322,36.7,41.7,0.219,452.8,199.0,27.0,Marketable_Saleable,1,Aravalli,manganese,prototype_positive,Aravalli,,True
MN_009_EXT,Parsoda Mine - Extension Zone,GSI_Extension_Survey,Marketable_Direct,Hematite_Gondite,21.1734,79.2866,0.804,0.7,0.292,34.2,34.7,0.257,504.3,400.0,36.5,Marketable_Saleable,1,CITZ_Sausar,manganese,prototype_positive,CITZ_Sausar,,True
WASTE_0027,Nagpur_Quartzite_Interbed_5,IBM_Sterilization_Survey,Overburden_Gangue,Quartzite_Interbed,21.3474,79.2971,0.4,0.363,0.637,29.4,86.8,0.31,115.4,372.0,3.1,Overburden_Waste,0,CITZ_Sausar,unknown_non_mn,synthetic_or_unverified,CITZ_Sausar,,True
MN_037,Joda West Mine,MOIL_GSI_Official,Marketable_Direct,Gondite_Braunite,22.015,85.425,0.823,0.732,0.291,35.0,42.8,0.203,506.3,521.0,37.5,Marketable_Saleable,1,Singhbhum,manganese,prototype_positive,Singhbhum,,True
WASTE_0135,Southern_Sedimentary_Barren_13,IBM_Sterilization_Survey,Overburden_Gangue,Sedimentary,12.0858,80.1387,0.309,0.259,0.542,33.3,47.2,0.42,121.8,99.0,1.2,Overburden_Waste,0,Peninsular_Barren,unknown_non_mn,synthetic_or_unverified,Peninsular_Barren,,True
MN_068,Tambesra Deposit Banswara,MOIL_GSI_Official,Marketable_Direct,Gondite_Series,23.35,74.45,0.756,0.689,0.249,34.8,45.8,0.2,422.5,315.0,28.0,Marketable_Saleable,1,Aravalli,manganese,prototype_positive,Aravalli,,True
WASTE_0110,Aravalli_Quartzite_Marble_6,IBM_Sterilization_Survey,Overburden_Gangue,Quartzite_Marble,27.4935,75.3689,0.366,0.313,0.572,29.1,91.5,0.481,151.2,480.0,0.3,Overburden_Waste,0,Peninsular_Barren,unknown_non_mn,synthetic_or_unverified,Peninsular_Barren,,True
WASTE_0089,IndoGangetic_Alluvium_Barren_7,IBM_Sterilization_Survey,Overburden_Gangue,Alluvium,25.8565,79.5415,0.281,0.249,0.469,28.7,81.3,0.284,66.4,252.0,0.9,Overburden_Waste,0,Peninsular_Barren,unknown_non_mn,synthetic_or_unverified,Peninsular_Barren,,True
WASTE_0128,Southern_Sedimentary_Barren_6,IBM_Sterilization_Survey,Overburden_Gangue,Sedimentary,10.9129,78.1658,0.252,0.229,0.633,34.3,109.3,0.413,55.8,242.0,1.2,Overburden_Waste,0,Peninsular_Barren,unknown_non_mn,synthetic_or_unverified,Peninsular_Barren,,True
MN_032_EXT,Yavatmal Deposit - Extension Zone,GSI_Extension_Survey,Beneficiable_SubEconomic,Braunite_Series,20.3836,78.1046,0.721,0.645,0.269,34.0,41.4,0.227,406.9,378.0,24.2,Beneficiable_MR_Ore,1,CITZ_Sausar,manganese,prototype_positive,CITZ_Sausar,,True
WASTE_0104,IndoGangetic_Alluvium_Barren_22,IBM_Sterilization_Survey,Overburden_Gangue,Alluvium,27.3789,81.655,0.16,0.139,0.418,35.7,103.2,0.467,82.8,210.0,0.1,Overburden_Waste,0,Peninsular_Barren,unknown_non_mn,synthetic_or_unverified,Peninsular_Barren,,True
MN_028,Nandgaon Deposit,MOIL_GSI_Official,Marketable_Direct,Braunite_Series,21.38,80.48,0.771,0.666,0.242,35.3,43.3,0.259,385.3,345.0,26.0,Marketable_Saleable,1,CITZ_Sausar,manganese,prototype_positive,CITZ_Sausar,,True
MN_054_EXT,Kumaraswamy Beneficiable Wing - Extension Zone,GSI_Extension_Survey,Beneficiable_SubEconomic,Gondite_Series,15.0313,76.564,0.738,0.623,0.29,37.2,49.5,0.286,413.9,862.0,21.8,Beneficiable_MR_Ore,1,Dharwar,manganese,prototype_positive,Dharwar,,True
MN_026,Parseoni Low-Grade Outcrop,MOIL_GSI_Official,Beneficiable_SubEconomic,Gondite_Braunite,21.38,79.2,0.725,0.627,0.29,37.4,39.3,0.234,374.4,381.0,23.0,Beneficiable_MR_Ore,1,CITZ_Sausar,manganese,prototype_positive,CITZ_Sausar,,True
WASTE_0122,Aravalli_Quartzite_Marble_18,IBM_Sterilization_Survey,Overburden_Gangue,Quartzite_Marble,27.1405,73.7551,0.336,0.3,0.572,30.5,83.4,0.369,85.0,436.0,1.5,Overburden_Waste,0,Peninsular_Barren,unknown_non_mn,synthetic_or_unverified,Peninsular_Barren,,True
WASTE_0035,Nagpur_Quartzite_Interbed_13,IBM_Sterilization_Survey,Overburden_Gangue,Quartzite_Interbed,21.0978,78.9634,0.415,0.351,0.368,34.2,69.5,0.267,168.5,327.0,3.9,Overburden_Waste,0,CITZ_Sausar,unknown_non_mn,synthetic_or_unverified,CITZ_Sausar,,True
WASTE_0114,Aravalli_Quartzite_Marble_10,IBM_Sterilization_Survey,Overburden_Gangue,Quartzite_Marble,25.9293,73.7911,0.328,0.308,0.387,35.1,72.7,0.385,109.4,435.0,2.8,Overburden_Waste,0,Peninsular_Barren,unknown_non_mn,synthetic_or_unverified,Peninsular_Barren,,True
WASTE_0050,Balaghat_Laterite_Overburden_8,IBM_Sterilization_Survey,Overburden_Gangue,Laterite_Overburden,21.963,80.3724,0.448,0.394,0.527,32.1,57.3,0.42,233.3,420.0,8.1,Overburden_Waste,0,CITZ_Sausar,unknown_non_mn,synthetic_or_unverified,CITZ_Sausar,,True
MN_008,Tirodi Mine,MOIL_GSI_Official,Marketable_Direct,Gondite_Braunite,21.6,79.7,0.835,0.763,0.269,35.8,41.8,0.215,559.0,399.0,43.5,Marketable_Saleable,1,CITZ_Sausar,manganese,prototype_positive,CITZ_Sausar,,True
WASTE_0068,Deccan_Basalt_WesternGhats_6,IBM_Sterilization_Survey,Overburden_Gangue,Deccan_Basalt,17.7759,73.9941,0.246,0.224,0.614,35.0,52.9,0.385,52.5,713.0,1.9,Overburden_Waste,0,Peninsular_Barren,unknown_non_mn,synthetic_or_unverified,Peninsular_Barren,,True
WASTE_0048,Balaghat_Laterite_Overburden_6,IBM_Sterilization_Survey,Overburden_Gangue,Laterite_Overburden,21.6987,80.4208,0.504,0.431,0.626,30.0,91.6,0.388,246.1,453.0,7.9,Overburden_Waste,0,CITZ_Sausar,unknown_non_mn,synthetic_or_unverified,CITZ_Sausar,,True
WASTE_0030,Nagpur_Quartzite_Interbed_8,IBM_Sterilization_Survey,Overburden_Gangue,Quartzite_Interbed,21.2189,78.9217,0.355,0.302,0.516,30.4,64.8,0.384,117.9,413.0,2.5,Overburden_Waste,0,CITZ_Sausar,unknown_non_mn,synthetic_or_unverified,CITZ_Sausar,,True
MN_030,Bramhapuri Zone,MOIL_GSI_Official,Marketable_Direct,Gondite_Series,20.6,79.86,0.771,0.682,0.29,37.1,37.6,0.199,401.0,359.0,27.0,Marketable_Saleable,1,CITZ_Sausar,manganese,prototype_positive,CITZ_Sausar,,True
MN_025,Khapa Beneficiable Belt,MOIL_GSI_Official,Beneficiable_SubEconomic,Gondite_Series,21.365,78.98,0.685,0.619,0.245,34.4,33.6,0.235,351.1,370.0,21.0,Beneficiable_MR_Ore,1,CITZ_Sausar,manganese,prototype_positive,CITZ_Sausar,,True
WASTE_0096,IndoGangetic_Alluvium_Barren_14,IBM_Sterilization_Survey,Overburden_Gangue,Alluvium,26.4088,79.2974,0.278,0.243,0.625,31.4,58.9,0.425,114.0,244.0,1.4,Overburden_Waste,0,Peninsular_Barren,unknown_non_mn,synthetic_or_unverified,Peninsular_Barren,,True
WASTE_0113,Aravalli_Quartzite_Marble_9,IBM_Sterilization_Survey,Overburden_Gangue,Quartzite_Marble,24.6507,73.2552,0.281,0.24,0.629,31.2,103.0,0.346,100.9,473.0,1.2,Overburden_Waste,0,Aravalli,unknown_non_mn,synthetic_or_unverified,Aravalli,,True
MN_011_EXT,Dongri Buzurg - Extension Zone,GSI_Extension_Survey,Marketable_Direct,Gondite_Braunite,21.1544,79.229,0.814,0.729,0.321,33.5,35.6,0.263,536.3,389.0,41.6,Marketable_Saleable,1,CITZ_Sausar,manganese,prototype_positive,CITZ_Sausar,,True
WASTE_0021,Sausar_Calc_Silicate_Barren_21,IBM_Sterilization_Survey,Overburden_Gangue,Calc_Silicate,21.8281,78.9813,0.489,0.453,0.473,34.7,102.5,0.356,141.2,407.0,2.5,Overburden_Waste,0,CITZ_Sausar,unknown_non_mn,synthetic_or_unverified,CITZ_Sausar,,True
WASTE_0052,Balaghat_Laterite_Overburden_10,IBM_Sterilization_Survey,Overburden_Gangue,Laterite_Overburden,21.8007,80.36,0.447,0.396,0.457,34.3,76.6,0.252,221.6,381.0,7.3,Overburden_Waste,0,CITZ_Sausar,unknown_non_mn,synthetic_or_unverified,CITZ_Sausar,,True
WASTE_0118,Aravalli_Quartzite_Marble_14,IBM_Sterilization_Survey,Overburden_Gangue,Quartzite_Marble,25.3112,75.9495,0.263,0.24,0.463,35.7,41.7,0.456,117.7,498.0,4.0,Overburden_Waste,0,Peninsular_Barren,unknown_non_mn,synthetic_or_unverified,Peninsular_Barren,,True
WASTE_0010,Sausar_Calc_Silicate_Barren_10,IBM_Sterilization_Survey,Overburden_Gangue,Calc_Silicate,21.7906,78.8638,0.438,0.385,0.442,33.6,50.1,0.452,134.0,343.0,5.3,Overburden_Waste,0,CITZ_Sausar,unknown_non_mn,synthetic_or_unverified,CITZ_Sausar,,True
MN_066,Pani Deposit Gujarat,MOIL_GSI_Official,Marketable_Direct,Gondite_Series,22.48,73.78,0.756,0.691,0.283,37.4,34.6,0.251,417.2,219.0,27.0,Marketable_Saleable,1,Aravalli,manganese,prototype_positive,Aravalli,,True
WASTE_0012,Sausar_Calc_Silicate_Barren_12,IBM_Sterilization_Survey,Overburden_Gangue,Calc_Silicate,21.678,79.1951,0.447,0.368,0.415,33.3,64.5,0.445,189.0,414.0,7.1,Overburden_Waste,0,CITZ_Sausar,unknown_non_mn,synthetic_or_unverified,CITZ_Sausar,,True
MN_050_EXT,Gua Low-Grade Horizon - Extension Zone,GSI_Extension_Survey,Beneficiable_SubEconomic,Gondite_Series,22.2138,85.3687,0.693,0.623,0.261,34.0,48.4,0.28,359.0,466.0,15.7,Beneficiable_MR_Ore,1,Singhbhum,manganese,prototype_positive,Singhbhum,,True
MN_044_EXT,Keonjhar Main Belt - Extension Zone,GSI_Extension_Survey,Marketable_Direct,Gondite_Series,21.641,85.5723,0.77,0.676,0.305,34.1,36.8,0.25,436.0,460.0,28.9,Marketable_Saleable,1,Singhbhum,manganese,prototype_positive,Singhbhum,,True
WASTE_0075,Deccan_Basalt_WesternGhats_13,IBM_Sterilization_Survey,Overburden_Gangue,Deccan_Basalt,18.4135,75.9649,0.272,0.235,0.402,33.7,96.9,0.28,121.1,551.0,1.8,Overburden_Waste,0,Peninsular_Barren,unknown_non_mn,synthetic_or_unverified,Peninsular_Barren,,True
MN_061_EXT,Srikakulam Block - Extension Zone,GSI_Extension_Survey,Marketable_Direct,Gondite_Series,18.3175,83.9084,0.76,0.672,0.322,36.5,36.5,0.28,439.2,91.0,26.3,Marketable_Saleable,1,Eastern_Ghats,manganese,prototype_positive,Eastern_Ghats,,True
WASTE_0140,Southern_Sedimentary_Barren_18,IBM_Sterilization_Survey,Overburden_Gangue,Sedimentary,10.7009,79.8403,0.209,0.196,0.505,34.1,56.2,0.356,93.7,166.0,1.5,Overburden_Waste,0,Peninsular_Barren,unknown_non_mn,synthetic_or_unverified,Peninsular_Barren,,True
MN_011,Dongri Buzurg,MOIL_GSI_Official,Marketable_Direct,Gondite_Braunite,21.135,79.215,0.818,0.742,0.321,36.2,36.7,0.214,530.4,416.0,41.5,Marketable_Saleable,1,CITZ_Sausar,manganese,prototype_positive,CITZ_Sausar,,True
WASTE_0049,Balaghat_Laterite_Overburden_7,IBM_Sterilization_Survey,Overburden_Gangue,Laterite_Overburden,22.021,80.3099,0.521,0.468,0.631,28.3,47.4,0.29,214.5,468.0,3.3,Overburden_Waste,0,CITZ_Sausar,unknown_non_mn,synthetic_or_unverified,CITZ_Sausar,,True
MN_036_EXT,Gumgaon Low-Grade South Fringe - Extension Zone,GSI_Extension_Survey,Beneficiable_SubEconomic,Gondite_Series,21.0362,79.0805,0.684,0.617,0.347,36.8,38.1,0.224,402.2,448.0,17.9,Beneficiable_MR_Ore,1,CITZ_Sausar,manganese,prototype_positive,CITZ_Sausar,,True
MN_054,Kumaraswamy Beneficiable Wing,MOIL_GSI_Official,Beneficiable_SubEconomic,Gondite_Series,15.01,76.58,0.72,0.622,0.284,34.8,45.8,0.256,336.4,868.0,22.0,Beneficiable_MR_Ore,1,Dharwar,manganese,prototype_positive,Dharwar,,True
WASTE_0131,Southern_Sedimentary_Barren_9,IBM_Sterilization_Survey,Overburden_Gangue,Sedimentary,10.5892,77.5212,0.282,0.247,0.423,32.0,86.0,0.273,145.8,156.0,0.4,Overburden_Waste,0,Peninsular_Barren,unknown_non_mn,synthetic_or_unverified,Peninsular_Barren,,True
MN_052,Hospet Deposit,MOIL_GSI_Official,Marketable_Direct,Braunite_Series,15.27,76.39,0.749,0.675,0.324,36.6,35.0,0.192,409.2,525.0,26.0,Marketable_Saleable,1,Dharwar,manganese,prototype_positive,Dharwar,,True
BOUNDARY_MR_001,Netra_Extension_Bnd_1,GSI_Extension_Survey,Beneficiable_SubEconomic,Gondite_Series,21.8103,80.1059,0.673,0.656,0.419,29.7,29.8,0.139,402.3,554.5,15.7,Beneficiable/MR Ore,1,CITZ_Sausar,manganese,prototype_positive,CITZ_Sausar,,True
BOUNDARY_MR_002,Ramrama_South_Leached_Bnd_2,GSI_Extension_Survey,Beneficiable_SubEconomic,Gondite_Braunite,21.4028,79.1276,0.566,0.51,0.39,32.8,42.7,0.322,423.4,310.0,13.0,Beneficiable/MR Ore,1,CITZ_Sausar,manganese,prototype_positive,CITZ_Sausar,,True
BOUNDARY_MR_003,Kumsi_Fringe_Weathered_Bnd_3,GSI_Extension_Survey,Beneficiable_SubEconomic,Braunite_Series,14.3284,75.3619,0.65,0.575,0.386,34.5,19.4,0.32,332.0,292.0,16.9,Beneficiable/MR Ore,1,Dharwar,manganese,prototype_positive,Dharwar,,True
BOUNDARY_MR_004,Sandur_Hill_Lode_MR_Bnd_4,GSI_Extension_Survey,Beneficiable_SubEconomic,Hematite_Gondite,15.0802,76.5359,0.609,0.521,0.544,30.8,77.9,0.223,528.2,473.6,12.2,Beneficiable/MR Ore,1,Dharwar,manganese,prototype_positive,Dharwar,,True
BOUNDARY_MR_005,Jagalur_North_Outcrop_Bnd_5,GSI_Extension_Survey,Beneficiable_SubEconomic,Braunite_Series,14.5725,76.2062,0.649,0.655,0.538,34.6,102.6,0.149,299.3,366.7,24.1,Beneficiable/MR Ore,1,Dharwar,manganese,prototype_positive,Dharwar,,True
BOUNDARY_MR_006,Barbil_LowGrade_Slick_Bnd_6,GSI_Extension_Survey,Beneficiable_SubEconomic,Mansar_Formation,22.1509,85.4079,0.616,0.538,0.501,28.8,108.8,0.375,464.6,335.4,14.4,Beneficiable/MR Ore,1,Singhbhum,manganese,prototype_positive,Singhbhum,,True
BOUNDARY_MR_007,Tensa_Lateritic_Mn_Bnd_7,GSI_Extension_Survey,Beneficiable_SubEconomic,Laterite_Overburden,21.8677,85.2044,0.55,0.501,0.226,37.5,74.2,0.229,365.8,389.8,21.3,Beneficiable/MR Ore,1,Singhbhum,manganese,prototype_positive,Singhbhum,,True
BOUNDARY_MR_008,Garbham_Gondite_Marginal_Bnd_8,GSI_Extension_Survey,Beneficiable_SubEconomic,Gondite_Series,18.2414,83.7447,0.606,0.527,0.465,36.4,68.3,0.374,488.5,462.3,22.9,Beneficiable/MR Ore,1,Eastern_Ghats,manganese,prototype_positive,Eastern_Ghats,,True
BOUNDARY_MR_009,Shivrajpur_West_Reject_Bnd_9,GSI_Extension_Survey,Beneficiable_SubEconomic,Braunite_Series,22.4051,73.5957,0.555,0.475,0.435,31.5,63.3,0.419,337.2,574.9,10.9,Beneficiable/MR Ore,1,Aravalli,manganese,prototype_positive,Aravalli,,True
BOUNDARY_MR_010,Tambesra_Siliceous_Horizon_Bnd_10,GSI_Extension_Survey,Beneficiable_SubEconomic,Gondite_Braunite,23.2589,74.3102,0.653,0.625,0.529,36.8,32.7,0.415,339.9,481.9,23.5,Beneficiable/MR Ore,1,Aravalli,manganese,prototype_positive,Aravalli,,True
BOUNDARY_MR_011,Netra_Extension_Bnd_11,GSI_Extension_Survey,Beneficiable_SubEconomic,Gondite_Series,21.7713,80.1152,0.6,0.593,0.524,28.1,63.5,0.258,348.4,395.2,13.7,Beneficiable/MR Ore,1,CITZ_Sausar,manganese,prototype_positive,CITZ_Sausar,,True
BOUNDARY_MR_012,Ramrama_South_Leached_Bnd_12,GSI_Extension_Survey,Beneficiable_SubEconomic,Gondite_Braunite,21.4318,79.2439,0.638,0.582,0.569,38.6,38.9,0.284,412.3,379.4,17.8,Beneficiable/MR Ore,1,CITZ_Sausar,manganese,prototype_positive,CITZ_Sausar,,True
BOUNDARY_MR_013,Kumsi_Fringe_Weathered_Bnd_13,GSI_Extension_Survey,Beneficiable_SubEconomic,Braunite_Series,14.2655,75.4037,0.579,0.582,0.276,29.6,61.5,0.445,441.4,577.5,11.2,Beneficiable/MR Ore,1,Dharwar,manganese,prototype_positive,Dharwar,,True
BOUNDARY_MR_014,Sandur_Hill_Lode_MR_Bnd_14,GSI_Extension_Survey,Beneficiable_SubEconomic,Hematite_Gondite,15.123,76.5149,0.629,0.602,0.394,29.0,94.4,0.226,307.2,330.2,15.6,Beneficiable/MR Ore,1,Dharwar,manganese,prototype_positive,Dharwar,,True
BOUNDARY_MR_015,Jagalur_North_Outcrop_Bnd_15,GSI_Extension_Survey,Beneficiable_SubEconomic,Braunite_Series,14.6152,76.1965,0.542,0.508,0.271,35.1,31.6,0.348,429.6,309.1,20.0,Beneficiable/MR Ore,1,Dharwar,manganese,prototype_positive,Dharwar,,True
BOUNDARY_MR_016,Barbil_LowGrade_Slick_Bnd_16,GSI_Extension_Survey,Beneficiable_SubEconomic,Mansar_Formation,22.1278,85.4035,0.663,0.593,0.444,37.0,67.7,0.295,354.2,354.0,23.4,Beneficiable/MR Ore,1,Singhbhum,manganese,prototype_positive,Singhbhum,,True
BOUNDARY_MR_017,Tensa_Lateritic_Mn_Bnd_17,GSI_Extension_Survey,Beneficiable_SubEconomic,Laterite_Overburden,21.9054,85.1888,0.589,0.573,0.539,37.8,89.1,0.332,398.1,254.0,15.2,Beneficiable/MR Ore,1,Singhbhum,manganese,prototype_positive,Singhbhum,,True
BOUNDARY_MR_018,Garbham_Gondite_Marginal_Bnd_18,GSI_Extension_Survey,Beneficiable_SubEconomic,Gondite_Series,18.3548,83.6954,0.563,0.531,0.457,35.2,36.3,0.355,322.9,352.0,10.6,Beneficiable/MR Ore,1,Eastern_Ghats,manganese,prototype_positive,Eastern_Ghats,,True
BOUNDARY_MR_019,Shivrajpur_West_Reject_Bnd_19,GSI_Extension_Survey,Beneficiable_SubEconomic,Braunite_Series,22.4428,73.6204,0.659,0.634,0.407,29.0,49.9,0.208,450.3,521.4,19.6,Beneficiable/MR Ore,1,Aravalli,manganese,prototype_positive,Aravalli,,True
BOUNDARY_MR_020,Tambesra_Siliceous_Horizon_Bnd_20,GSI_Extension_Survey,Beneficiable_SubEconomic,Gondite_Braunite,23.2733,74.3414,0.609,0.538,0.469,31.1,17.3,0.333,496.3,326.2,18.6,Beneficiable/MR Ore,1,Aravalli,manganese,prototype_positive,Aravalli,,True
BOUNDARY_MR_021,Netra_Extension_Bnd_21,GSI_Extension_Survey,Beneficiable_SubEconomic,Gondite_Series,21.7697,80.1264,0.67,0.618,0.567,38.6,96.0,0.217,463.6,386.3,10.7,Beneficiable/MR Ore,1,CITZ_Sausar,manganese,prototype_positive,CITZ_Sausar,,True
BOUNDARY_MR_022,Ramrama_South_Leached_Bnd_22,GSI_Extension_Survey,Beneficiable_SubEconomic,Gondite_Braunite,21.4407,79.1868,0.637,0.603,0.219,34.8,109.1,0.166,280.3,472.9,23.6,Beneficiable/MR Ore,1,CITZ_Sausar,manganese,prototype_positive,CITZ_Sausar,,True
BOUNDARY_MR_023,Kumsi_Fringe_Weathered_Bnd_23,GSI_Extension_Survey,Beneficiable_SubEconomic,Braunite_Series,14.3262,75.3971,0.638,0.581,0.297,36.9,92.0,0.406,381.9,465.7,20.3,Beneficiable/MR Ore,1,Dharwar,manganese,prototype_positive,Dharwar,,True
BOUNDARY_MR_024,Sandur_Hill_Lode_MR_Bnd_24,GSI_Extension_Survey,Beneficiable_SubEconomic,Hematite_Gondite,15.1894,76.474,0.651,0.652,0.315,32.1,23.9,0.311,470.8,265.5,20.3,Beneficiable/MR Ore,1,Dharwar,manganese,prototype_positive,Dharwar,,True
BOUNDARY_MR_025,Jagalur_North_Outcrop_Bnd_25,GSI_Extension_Survey,Beneficiable_SubEconomic,Braunite_Series,14.6239,76.1981,0.623,0.533,0.195,37.0,49.2,0.162,504.8,342.8,14.5,Beneficiable/MR Ore,1,Dharwar,manganese,prototype_positive,Dharwar,,True
BOUNDARY_MR_026,Barbil_LowGrade_Slick_Bnd_26,GSI_Extension_Survey,Beneficiable_SubEconomic,Mansar_Formation,22.1001,85.4056,0.614,0.578,0.435,36.0,107.7,0.29,397.3,388.9,11.2,Beneficiable/MR Ore,1,Singhbhum,manganese,prototype_positive,Singhbhum,,True
BOUNDARY_MR_027,Tensa_Lateritic_Mn_Bnd_27,GSI_Extension_Survey,Beneficiable_SubEconomic,Laterite_Overburden,21.8705,85.233,0.551,0.471,0.565,37.2,81.1,0.255,353.3,357.6,16.6,Beneficiable/MR Ore,1,Singhbhum,manganese,prototype_positive,Singhbhum,,True
BOUNDARY_MR_028,Garbham_Gondite_Marginal_Bnd_28,GSI_Extension_Survey,Beneficiable_SubEconomic,Gondite_Series,18.358,83.6988,0.579,0.586,0.475,34.1,73.1,0.258,412.4,356.5,19.7,Beneficiable/MR Ore,1,Eastern_Ghats,manganese,prototype_positive,Eastern_Ghats,,True
BOUNDARY_MR_029,Shivrajpur_West_Reject_Bnd_29,GSI_Extension_Survey,Beneficiable_SubEconomic,Braunite_Series,22.422,73.6124,0.556,0.477,0.196,37.4,81.8,0.276,378.4,453.6,10.7,Beneficiable/MR Ore,1,Aravalli,manganese,prototype_positive,Aravalli,,True
BOUNDARY_MR_030,Tambesra_Siliceous_Horizon_Bnd_30,GSI_Extension_Survey,Beneficiable_SubEconomic,Gondite_Braunite,23.2506,74.3339,0.626,0.6,0.198,32.1,74.5,0.286,280.2,618.3,16.1,Beneficiable/MR Ore,1,Aravalli,manganese,prototype_positive,Aravalli,,True
BOUNDARY_MR_031,Netra_Extension_Bnd_31,GSI_Extension_Survey,Beneficiable_SubEconomic,Gondite_Series,21.8433,80.1154,0.63,0.538,0.414,38.3,69.7,0.248,330.8,484.6,11.5,Beneficiable/MR Ore,1,CITZ_Sausar,manganese,prototype_positive,CITZ_Sausar,,True
BOUNDARY_MR_032,Ramrama_South_Leached_Bnd_32,GSI_Extension_Survey,Beneficiable_SubEconomic,Gondite_Braunite,21.4238,79.1552,0.667,0.589,0.208,29.1,16.7,0.151,427.1,543.7,24.0,Beneficiable/MR Ore,1,CITZ_Sausar,manganese,prototype_positive,CITZ_Sausar,,True
BOUNDARY_MR_033,Kumsi_Fringe_Weathered_Bnd_33,GSI_Extension_Survey,Beneficiable_SubEconomic,Braunite_Series,14.3174,75.3551,0.543,0.537,0.293,29.3,81.2,0.328,409.0,595.5,22.3,Beneficiable/MR Ore,1,Dharwar,manganese,prototype_positive,Dharwar,,True
BOUNDARY_MR_034,Sandur_Hill_Lode_MR_Bnd_34,GSI_Extension_Survey,Beneficiable_SubEconomic,Hematite_Gondite,15.1135,76.563,0.653,0.665,0.345,32.1,88.8,0.232,335.2,650.2,21.0,Beneficiable/MR Ore,1,Dharwar,manganese,prototype_positive,Dharwar,,True
BOUNDARY_MR_035,Jagalur_North_Outcrop_Bnd_35,GSI_Extension_Survey,Beneficiable_SubEconomic,Braunite_Series,14.6456,76.2297,0.646,0.56,0.541,33.6,93.5,0.226,360.9,254.7,21.0,Beneficiable/MR Ore,1,Dharwar,manganese,prototype_positive,Dharwar,,True
BOUNDARY_MR_036,Barbil_LowGrade_Slick_Bnd_36,GSI_Extension_Survey,Beneficiable_SubEconomic,Mansar_Formation,22.1387,85.3989,0.62,0.594,0.359,31.2,46.2,0.342,369.6,573.5,23.8,Beneficiable/MR Ore,1,Singhbhum,manganese,prototype_positive,Singhbhum,,True
BOUNDARY_MR_037,Tensa_Lateritic_Mn_Bnd_37,GSI_Extension_Survey,Beneficiable_SubEconomic,Laterite_Overburden,21.9207,85.1873,0.609,0.524,0.4,32.9,99.3,0.236,429.1,293.5,11.8,Beneficiable/MR Ore,1,Singhbhum,manganese,prototype_positive,Singhbhum,,True
BOUNDARY_MR_038,Garbham_Gondite_Marginal_Bnd_38,GSI_Extension_Survey,Beneficiable_SubEconomic,Gondite_Series,18.2984,83.7136,0.655,0.635,0.213,28.9,108.7,0.244,339.4,409.4,11.5,Beneficiable/MR Ore,1,Eastern_Ghats,manganese,prototype_positive,Eastern_Ghats,,True
BOUNDARY_MR_039,Shivrajpur_West_Reject_Bnd_39,GSI_Extension_Survey,Beneficiable_SubEconomic,Braunite_Series,22.4486,73.6297,0.618,0.57,0.543,29.2,61.8,0.124,325.4,301.1,21.4,Beneficiable/MR Ore,1,Aravalli,manganese,prototype_positive,Aravalli,,True
BOUNDARY_MR_040,Tambesra_Siliceous_Horizon_Bnd_40,GSI_Extension_Survey,Beneficiable_SubEconomic,Gondite_Braunite,23.2867,74.3204,0.622,0.63,0.33,31.1,97.5,0.194,313.8,664.2,20.9,Beneficiable/MR Ore,1,Aravalli,manganese,prototype_positive,Aravalli,,True
BOUNDARY_MR_041,Netra_Extension_Bnd_41,GSI_Extension_Survey,Beneficiable_SubEconomic,Gondite_Series,21.8345,80.1857,0.618,0.627,0.389,34.9,81.1,0.27,476.0,637.5,11.5,Beneficiable/MR Ore,1,CITZ_Sausar,manganese,prototype_positive,CITZ_Sausar,,True
BOUNDARY_MR_042,Ramrama_South_Leached_Bnd_42,GSI_Extension_Survey,Beneficiable_SubEconomic,Gondite_Braunite,21.4403,79.2263,0.566,0.526,0.321,34.4,22.4,0.442,315.3,674.1,14.4,Beneficiable/MR Ore,1,CITZ_Sausar,manganese,prototype_positive,CITZ_Sausar,,True
BOUNDARY_MR_043,Kumsi_Fringe_Weathered_Bnd_43,GSI_Extension_Survey,Beneficiable_SubEconomic,Braunite_Series,14.3443,75.4154,0.654,0.632,0.245,38.0,93.1,0.433,439.4,429.8,14.8,Beneficiable/MR Ore,1,Dharwar,manganese,prototype_positive,Dharwar,,True
BOUNDARY_MR_044,Sandur_Hill_Lode_MR_Bnd_44,GSI_Extension_Survey,Beneficiable_SubEconomic,Hematite_Gondite,15.0722,76.512,0.561,0.534,0.332,38.7,95.0,0.397,342.5,451.5,24.3,Beneficiable/MR Ore,1,Dharwar,manganese,prototype_positive,Dharwar,,True
BOUNDARY_MR_045,Jagalur_North_Outcrop_Bnd_45,GSI_Extension_Survey,Beneficiable_SubEconomic,Braunite_Series,14.572,76.2236,0.661,0.653,0.58,39.0,67.8,0.374,355.0,305.5,11.3,Beneficiable/MR Ore,1,Dharwar,manganese,prototype_positive,Dharwar,,True
BOUNDARY_WST_001,Nagpur_Basalt_Cap_Bnd_1,IBM_Sterilization_Survey,Overburden_Gangue,Deccan_Basalt,21.1854,79.082,0.541,0.533,0.263,31.4,67.1,0.246,156.0,465.8,3.0,Waste/Overburden,0,CITZ_Sausar,unknown_non_mn,synthetic_or_unverified,CITZ_Sausar,,True
BOUNDARY_WST_002,Sausar_CalcSilicate_Sill_Bnd_2,IBM_Sterilization_Survey,Overburden_Gangue,Calc_Silicate,21.6763,79.5818,0.527,0.542,0.281,31.6,12.4,0.311,224.2,258.8,5.9,Waste/Overburden,0,CITZ_Sausar,unknown_non_mn,synthetic_or_unverified,CITZ_Sausar,,True
BOUNDARY_WST_003,Chitradurga_Chert_Ridge_Bnd_3,IBM_Sterilization_Survey,Overburden_Gangue,Quartzite_Interbed,14.1989,76.3483,0.512,0.529,0.259,36.2,76.6,0.211,-3.1,410.2,4.5,Waste/Overburden,0,Dharwar,unknown_non_mn,synthetic_or_unverified,Dharwar,,True
BOUNDARY_WST_004,Bonai_Ferruginous_Shale_Bnd_4,IBM_Sterilization_Survey,Overburden_Gangue,Sedimentary,21.9646,85.0481,0.578,0.557,0.252,37.6,30.4,0.121,42.9,307.9,5.0,Waste/Overburden,0,Singhbhum,unknown_non_mn,synthetic_or_unverified,Singhbhum,,True
BOUNDARY_WST_005,Vizag_Khondalite_Barren_Bnd_5,IBM_Sterilization_Survey,Overburden_Gangue,Quartzite_Marble,18.0468,83.1189,0.481,0.439,0.136,32.0,33.7,0.15,186.9,212.8,6.9,Waste/Overburden,0,Eastern_Ghats,unknown_non_mn,synthetic_or_unverified,Eastern_Ghats,,True
BOUNDARY_WST_006,Aravalli_Quartzite_Barren_Bnd_6,IBM_Sterilization_Survey,Overburden_Gangue,Quartzite_Interbed,23.3814,73.7841,0.504,0.487,0.396,30.5,77.9,0.276,179.6,456.9,2.8,Waste/Overburden,0,Aravalli,unknown_non_mn,synthetic_or_unverified,Aravalli,,True
BOUNDARY_WST_007,Gangetic_Alluvial_Plain_Bnd_7,IBM_Sterilization_Survey,Overburden_Gangue,Alluvium,26.1173,81.2093,0.518,0.51,0.268,35.6,73.5,0.11,79.7,273.4,4.3,Waste/Overburden,0,Peninsular_Barren,unknown_non_mn,synthetic_or_unverified,Peninsular_Barren,,True
BOUNDARY_WST_008,Nagpur_Basalt_Cap_Bnd_8,IBM_Sterilization_Survey,Overburden_Gangue,Deccan_Basalt,21.1486,79.0606,0.524,0.471,0.299,36.4,30.6,0.175,106.9,299.2,5.5,Waste/Overburden,0,CITZ_Sausar,unknown_non_mn,synthetic_or_unverified,CITZ_Sausar,,True
BOUNDARY_WST_009,Sausar_CalcSilicate_Sill_Bnd_9,IBM_Sterilization_Survey,Overburden_Gangue,Calc_Silicate,21.6957,79.5662,0.567,0.556,0.392,39.5,52.4,0.124,44.3,378.7,2.1,Waste/Overburden,0,CITZ_Sausar,unknown_non_mn,synthetic_or_unverified,CITZ_Sausar,,True
BOUNDARY_WST_010,Chitradurga_Chert_Ridge_Bnd_10,IBM_Sterilization_Survey,Overburden_Gangue,Quartzite_Interbed,14.2538,76.3305,0.475,0.441,0.265,37.8,58.5,0.2,121.9,267.8,4.8,Waste/Overburden,0,Dharwar,unknown_non_mn,synthetic_or_unverified,Dharwar,,True
BOUNDARY_WST_011,Bonai_Ferruginous_Shale_Bnd_11,IBM_Sterilization_Survey,Overburden_Gangue,Sedimentary,21.9428,85.0228,0.494,0.449,0.479,31.0,54.6,0.215,85.9,543.5,2.6,Waste/Overburden,0,Singhbhum,unknown_non_mn,synthetic_or_unverified,Singhbhum,,True
BOUNDARY_WST_012,Vizag_Khondalite_Barren_Bnd_12,IBM_Sterilization_Survey,Overburden_Gangue,Quartzite_Marble,18.0986,83.1301,0.564,0.575,0.223,32.1,66.8,0.36,263.0,283.6,9.5,Waste/Overburden,0,Eastern_Ghats,unknown_non_mn,synthetic_or_unverified,Eastern_Ghats,,True
BOUNDARY_WST_013,Aravalli_Quartzite_Barren_Bnd_13,IBM_Sterilization_Survey,Overburden_Gangue,Quartzite_Interbed,23.398,73.7637,0.511,0.494,0.217,31.4,61.9,0.181,159.9,395.1,3.8,Waste/Overburden,0,Aravalli,unknown_non_mn,synthetic_or_unverified,Aravalli,,True
BOUNDARY_WST_014,Gangetic_Alluvial_Plain_Bnd_14,IBM_Sterilization_Survey,Overburden_Gangue,Alluvium,26.1228,81.2159,0.466,0.437,0.174,30.8,94.1,0.19,77.9,432.2,5.7,Waste/Overburden,0,Peninsular_Barren,unknown_non_mn,synthetic_or_unverified,Peninsular_Barren,,True
BOUNDARY_WST_015,Nagpur_Basalt_Cap_Bnd_15,IBM_Sterilization_Survey,Overburden_Gangue,Deccan_Basalt,21.1526,79.0753,0.509,0.478,0.492,40.0,92.0,0.135,220.9,450.4,5.1,Waste/Overburden,0,CITZ_Sausar,unknown_non_mn,synthetic_or_unverified,CITZ_Sausar,,True
BOUNDARY_WST_016,Sausar_CalcSilicate_Sill_Bnd_16,IBM_Sterilization_Survey,Overburden_Gangue,Calc_Silicate,21.681,79.5761,0.561,0.507,0.438,32.4,23.9,0.146,158.0,373.5,6.1,Waste/Overburden,0,CITZ_Sausar,unknown_non_mn,synthetic_or_unverified,CITZ_Sausar,,True
BOUNDARY_WST_017,Chitradurga_Chert_Ridge_Bnd_17,IBM_Sterilization_Survey,Overburden_Gangue,Quartzite_Interbed,14.2598,76.3434,0.558,0.533,0.271,35.6,35.6,0.309,97.2,366.0,4.5,Waste/Overburden,0,Dharwar,unknown_non_mn,synthetic_or_unverified,Dharwar,,True
BOUNDARY_WST_018,Bonai_Ferruginous_Shale_Bnd_18,IBM_Sterilization_Survey,Overburden_Gangue,Sedimentary,21.938,85.069,0.525,0.543,0.37,31.4,89.9,0.276,58.8,473.8,4.4,Waste/Overburden,0,Singhbhum,unknown_non_mn,synthetic_or_unverified,Singhbhum,,True
BOUNDARY_WST_019,Vizag_Khondalite_Barren_Bnd_19,IBM_Sterilization_Survey,Overburden_Gangue,Quartzite_Marble,18.0644,83.16,0.555,0.503,0.245,33.0,73.2,0.109,278.9,390.9,8.9,Waste/Overburden,0,Eastern_Ghats,unknown_non_mn,synthetic_or_unverified,Eastern_Ghats,,True
BOUNDARY_WST_020,Aravalli_Quartzite_Barren_Bnd_20,IBM_Sterilization_Survey,Overburden_Gangue,Quartzite_Interbed,23.3834,73.8261,0.559,0.502,0.459,31.5,43.8,0.323,90.1,447.2,4.0,Waste/Overburden,0,Aravalli,unknown_non_mn,synthetic_or_unverified,Aravalli,,True
BOUNDARY_WST_021,Gangetic_Alluvial_Plain_Bnd_21,IBM_Sterilization_Survey,Overburden_Gangue,Alluvium,26.1196,81.1983,0.525,0.484,0.258,32.2,87.2,0.263,214.9,328.3,7.1,Waste/Overburden,0,Peninsular_Barren,unknown_non_mn,synthetic_or_unverified,Peninsular_Barren,,True
BOUNDARY_WST_022,Nagpur_Basalt_Cap_Bnd_22,IBM_Sterilization_Survey,Overburden_Gangue,Deccan_Basalt,21.1677,79.0563,0.53,0.512,0.365,30.2,84.1,0.361,244.8,521.3,2.3,Waste/Overburden,0,CITZ_Sausar,unknown_non_mn,synthetic_or_unverified,CITZ_Sausar,,True
BOUNDARY_WST_023,Sausar_CalcSilicate_Sill_Bnd_23,IBM_Sterilization_Survey,Overburden_Gangue,Calc_Silicate,21.6517,79.5828,0.533,0.507,0.415,41.2,88.7,0.226,153.0,221.9,6.1,Waste/Overburden,0,CITZ_Sausar,unknown_non_mn,synthetic_or_unverified,CITZ_Sausar,,True
BOUNDARY_WST_024,Chitradurga_Chert_Ridge_Bnd_24,IBM_Sterilization_Survey,Overburden_Gangue,Quartzite_Interbed,14.1804,76.3113,0.508,0.452,0.254,39.6,10.4,0.193,179.7,520.3,6.2,Waste/Overburden,0,Dharwar,unknown_non_mn,synthetic_or_unverified,Dharwar,,True
BOUNDARY_WST_025,Bonai_Ferruginous_Shale_Bnd_25,IBM_Sterilization_Survey,Overburden_Gangue,Sedimentary,21.9431,85.0709,0.514,0.472,0.301,31.7,25.0,0.24,29.3,335.0,7.5,Waste/Overburden,0,Singhbhum,unknown_non_mn,synthetic_or_unverified,Singhbhum,,True
BOUNDARY_WST_026,Vizag_Khondalite_Barren_Bnd_26,IBM_Sterilization_Survey,Overburden_Gangue,Quartzite_Marble,18.0451,83.2272,0.536,0.473,0.385,32.1,91.7,0.142,64.1,548.8,6.1,Waste/Overburden,0,Eastern_Ghats,unknown_non_mn,synthetic_or_unverified,Eastern_Ghats,,True
BOUNDARY_WST_027,Aravalli_Quartzite_Barren_Bnd_27,IBM_Sterilization_Survey,Overburden_Gangue,Quartzite_Interbed,23.3786,73.8032,0.55,0.504,0.479,32.5,26.2,0.11,124.1,354.7,1.6,Waste/Overburden,0,Aravalli,unknown_non_mn,synthetic_or_unverified,Aravalli,,True
BOUNDARY_WST_028,Gangetic_Alluvial_Plain_Bnd_28,IBM_Sterilization_Survey,Overburden_Gangue,Alluvium,26.0924,81.1578,0.514,0.498,0.296,34.8,57.6,0.143,140.3,530.1,7.8,Waste/Overburden,0,Peninsular_Barren,unknown_non_mn,synthetic_or_unverified,Peninsular_Barren,,True
BOUNDARY_WST_029,Nagpur_Basalt_Cap_Bnd_29,IBM_Sterilization_Survey,Overburden_Gangue,Deccan_Basalt,21.1717,79.0461,0.509,0.45,0.182,38.6,66.0,0.108,65.6,262.1,6.7,Waste/Overburden,0,CITZ_Sausar,unknown_non_mn,synthetic_or_unverified,CITZ_Sausar,,True
BOUNDARY_WST_030,Sausar_CalcSilicate_Sill_Bnd_30,IBM_Sterilization_Survey,Overburden_Gangue,Calc_Silicate,21.6218,79.5392,0.472,0.48,0.191,37.8,30.2,0.128,177.0,496.6,1.2,Waste/Overburden,0,CITZ_Sausar,unknown_non_mn,synthetic_or_unverified,CITZ_Sausar,,True
BOUNDARY_WST_031,Chitradurga_Chert_Ridge_Bnd_31,IBM_Sterilization_Survey,Overburden_Gangue,Quartzite_Interbed,14.2598,76.3125,0.485,0.451,0.479,30.2,17.3,0.158,201.2,189.8,6.9,Waste/Overburden,0,Dharwar,unknown_non_mn,synthetic_or_unverified,Dharwar,,True
BOUNDARY_WST_032,Bonai_Ferruginous_Shale_Bnd_32,IBM_Sterilization_Survey,Overburden_Gangue,Sedimentary,21.9076,84.9875,0.567,0.578,0.257,33.1,42.3,0.265,172.9,331.5,4.7,Waste/Overburden,0,Singhbhum,unknown_non_mn,synthetic_or_unverified,Singhbhum,,True
BOUNDARY_WST_033,Vizag_Khondalite_Barren_Bnd_33,IBM_Sterilization_Survey,Overburden_Gangue,Quartzite_Marble,18.0391,83.1483,0.574,0.58,0.176,40.4,51.4,0.35,238.8,475.9,3.6,Waste/Overburden,0,Eastern_Ghats,unknown_non_mn,synthetic_or_unverified,Eastern_Ghats,,True
BOUNDARY_WST_034,Aravalli_Quartzite_Barren_Bnd_34,IBM_Sterilization_Survey,Overburden_Gangue,Quartzite_Interbed,23.403,73.8059,0.525,0.519,0.223,31.7,81.0,0.376,29.8,280.8,3.4,Waste/Overburden,0,Aravalli,unknown_non_mn,synthetic_or_unverified,Aravalli,,True
BOUNDARY_WST_035,Gangetic_Alluvial_Plain_Bnd_35,IBM_Sterilization_Survey,Overburden_Gangue,Alluvium,26.1077,81.2295,0.527,0.522,0.452,32.5,10.9,0.138,51.5,513.0,3.4,Waste/Overburden,0,Peninsular_Barren,unknown_non_mn,synthetic_or_unverified,Peninsular_Barren,,True
